word,Composition_types,PoS,N_of_component,PoS_1component,PoS_2component,X1810s,X1820s,X1830s,X1840s,X1850s,X1860s,X1870s,X1880s,X1890s,X1900s,X1910s,X1920s,X1930s,X1940s,X1950s,X1960s,X1970s,X1980s,X1990s,X2000s,total
so-called,rh,adj,2,adv,V-ed,0,0,0.36,2.93,7.29,10.26,19.07,22.64,20.53,25.61,26.43,30.76,30.73,26.9,28.6,26.82,30.95,30.38,26.7,22.8,389.75
old-fashioned,rh,adj,2,adj,n-ed,0.85,2.89,5.88,8.35,12.99,13.6,21.44,21.02,18.54,19.55,23.88,21.99,19.35,16.67,20.09,16.72,15.45,15.44,15.17,17.05,306.92
middle-aged,rh,adj,2,adj,N-ed,0,1.44,3.05,2.62,5.1,4.63,5.28,5.76,5.19,4.89,7.71,8.85,10.77,13.51,10.96,12.8,17.51,13.71,11.49,11.36,156.63
long-term,rh,adj,2,adj,noun,0,0,0,0,0,0,0.05,0.05,0.15,0.27,0.44,1.48,6.87,5.46,9.45,9.93,16.71,26.94,32.82,28.31,138.93
good-natured,rh,adj,2,adj,N-ed,1.69,3.46,10.45,8.41,13.36,8.85,13.31,12.35,8.79,10.32,8.41,7.8,5.73,4.44,3.26,3.34,4.2,3.32,1.97,2.71,136.16
well-being,so,noun,2,adj,V-ing,1.69,1.73,5.15,6.79,7.77,4.69,5.71,4.33,6.12,4.75,6.12,5.3,7.56,5.38,5.58,5.96,8.15,7.35,8.27,8.32,116.73
far-off,rh,adj,2,adj,adv,0.85,2.02,3.41,5.42,6.98,7.8,7.17,9.25,7.86,6.83,6.39,5.73,4.63,4.44,3.83,3.96,2.48,3.12,2.04,2.74,96.95
good-looking,so,adj,2,adj,V-ing,0,0.43,1.81,3.86,2.43,3.93,3.02,4.97,4.71,4.71,5.68,7.25,7.15,6.57,5.58,5,6.63,5.29,5.98,7.51,92.53
first-class,rh,adj,2,num,noun,0,0.29,0.07,0.12,2.31,3.28,7.33,8.27,5.73,7.78,7.22,6.24,6.75,6.08,6.07,5.3,6.76,4.66,3.69,3.35,91.29
good-will,rh,adj,2,adj,noun,9.31,1.44,5.52,5.3,5.28,8.85,8.35,7.73,5.73,4.75,5.15,6.86,4.59,3.04,1.83,0.54,0.71,0.32,0.11,0.07,85.49
first-rate,rh,adj,2,num,noun,0.85,2.31,4.36,4.74,7.65,6.16,7.6,5.91,3.93,3.35,3.66,2.81,3.78,4.81,5.62,4.46,4.37,3.32,2.61,2.33,84.6
middle-class,rh,adj,2,adj,noun,0,0.14,0,0.19,0.12,0.41,0.54,0.49,0.63,1.36,2.47,2.96,5.16,4.23,6.4,9.8,13.94,11.85,11.31,7.41,79.41
far-reaching,so,adj,2,adv,V-ing,0,0,1.09,1.43,2.12,2.46,2.75,3.89,5.92,6.83,6.61,6.12,5.85,5.54,3.79,4.38,3.28,3.63,2.65,1.93,70.28
post-office,rh,adj,2,noun,noun,0,2.74,3.92,5.42,7.16,4.69,6.52,7.14,7.52,6.38,7.71,5.85,1.54,0.7,0.65,0.96,0.29,0.28,0.18,0.27,69.93
half-dozen,rh,adj,2,adj,noun,0,0.14,0.44,0.93,1.4,3.17,2.96,3.25,3.69,6.15,4.54,3.35,4.84,4.27,4.36,4.17,4.32,6,5.65,6.26,69.9
full-time,rh,adj,2,adj,noun,0,0,0,0,0,0,0,0,0.05,0.05,0.26,0.97,2.15,4.48,6.64,7.3,8.19,9.68,13.56,15.96,69.3
half-way,rh,adj,2,noun,noun,0.85,0.58,2.18,3.05,4.61,5.86,9.05,6.69,7.72,5.7,6.34,5.89,3.66,2.26,1.43,0.96,1.09,0.43,0.68,0.24,69.27
old-time,rh,adj,2,adj,noun,0,0,0.29,1.12,0.73,1.88,3.02,4.58,6.89,7.83,7.36,6.7,4.55,4.31,3.46,3.46,2.9,2.29,2.9,1.89,66.17
high-school,rh,adj,2,adj,noun,0,0,0.44,0,0.18,0.18,0.27,0.1,0.63,1.04,2.86,3.9,5.04,7.56,10.84,7.72,5.42,5.85,5.98,5.01,62.99
make-up,rh,noun,2,v,adv,0,0,0.07,0,0.12,0.23,0.59,1.33,2.52,4.16,5.42,5.15,5.41,7.8,8.96,6.26,4.37,3.75,2.08,1.15,59.38
large-scale,rh,adj,2,adj,noun,0,0,0,0,0,0,0,0.1,0.05,0.23,1.23,2.46,5.04,9.49,5.58,7.88,6.47,7.15,6.76,6.05,58.49
well-to-do,rh,adj,3,,,0,0.14,0.29,0.5,0.73,1.58,3.07,4.23,5.24,4.75,6.52,4.05,4.63,3.82,4.6,3.5,3.02,3.32,1.57,1.15,56.74
short-term,rh,adj,2,adj,noun,0,0,0,0,0,0,0,0,0.05,0.41,0.53,1.33,5.45,1.4,4.81,3.63,8.02,11.77,10.95,8.32,56.65
long-range,rh,adj,2,adj,noun,0,0,0,0,0.06,0.29,0.38,0.44,0.44,0.36,0.66,0.51,3.29,7.72,11,9.72,7.52,6.79,3.83,3.04,56.06
every-day,rh,adj,2,det,noun,2.54,1.3,6.39,4.49,4.07,5.92,6.03,6.79,5.15,3.8,4.27,2.14,0.61,0.37,0.16,0.29,0.21,0,0.29,0.24,55.06
part-time,rh,adj,2,noun,noun,0,0,0,0,0,0,0,0,0,0,0.4,1.25,2.07,4.02,5.01,7.3,8.36,7.9,8.88,9.33,54.52
grown-up,rh,noun,2,V-ed,adv,0,0.29,0.8,1.18,1.82,1.35,2.86,2.22,2.91,3.08,4.49,4.44,2.8,3.61,4.03,2.54,2.73,3,4.33,4.87,53.37
long-distance,rh,adj,2,adj,noun,0,0,0,0,0.06,0,0.05,0.39,0.63,2.44,2.07,2.73,2.56,3.86,3.95,4.13,3.99,6.83,11.13,6.87,51.7
matter-of-fact,rh,adj,3,,,0,1.01,1.45,1.37,2.19,2.58,3.72,4.13,2.82,2.44,5.11,4.21,3.05,3.33,2.69,2.25,2.31,2.05,1.79,1.76,50.26
right-hand,rh,adj,2,adj,noun,0,1.01,0.87,0.93,0.73,1.93,2.64,2.07,2.67,3.12,3.26,3.94,3.9,3.82,4.44,3.38,2.52,3.63,2.25,2.87,50
present-day,rh,adj,2,noun,noun,0,0,0,0,0,0,0,0,0.58,2.08,4.27,6.43,6.34,6.78,5.3,4.71,2.94,3.4,3.29,2.81,48.93
new-born,so,adj,2,adj,V-ed,3.39,3.32,4.5,4.36,4.67,3.93,3.82,3.74,5.19,2.85,2.78,1.64,1.06,0.9,1.1,0.29,0.38,0.4,0.11,0.14,48.56
wide-open,co,adj,2,adj,adj,6.77,5.2,2.47,6.54,4.49,5.34,4.74,5.51,3.3,1.09,1.19,0.78,0.65,0.08,0,0.04,0.08,0,0.07,0.03,48.38
snow-white,so,adj,2,noun,adj,1.69,1.15,3.85,9.1,5.1,2.99,2.86,2.36,3.74,2.22,1.67,1.68,1.79,1.03,1.26,1.29,0.76,0.67,1,0.71,46.92
worn-out,rh,adj,2,V-ed,prep,0.85,0.87,2.54,2.37,3.04,4.63,3.23,3.2,2.72,3.62,2.16,2.1,2.4,3.2,1.71,1.67,1.51,1.62,1.75,1.72,46.91
brand-new,so,adj,2,noun,adj,0,0,0,0,0,0.18,0.38,0.54,0.87,1.58,2.03,2.18,2.76,4.76,5.34,3.92,4.28,3.95,6.05,7.88,46.71
arm-chair,rh,adj,2,noun,noun,0.85,0.72,3.27,5.86,6.56,5.98,8.4,4.04,3.25,2.62,2.29,2.03,0.33,0.08,0.12,0.08,0.04,0,0,0,46.52
world-wide,so,adj,2,noun,adj,0.85,0,0,0.44,1.7,1.29,1.24,2.71,2.43,3.12,3.66,4.05,5.69,5.42,5.21,2.96,0.67,2.92,1.07,0.24,45.67
kind-hearted,rh,adj,2,adj,N-ed,2.54,2.89,3.92,2.87,5.59,4.57,5.23,5.02,4.42,2.58,2.03,1.13,0.85,0.45,0.33,0.25,0.42,0.12,0.11,0.17,45.47
blue-eyed,rh,adj,2,adj,N-ed,0,0.87,0.87,2.12,2.73,2.93,3.07,2.51,2.77,1.95,2.33,2.07,3.05,3.29,1.96,3.34,2.86,1.86,2.43,2.44,45.42
good-naturedly,rh,adj,2,adj,adv,0.85,0.29,0.94,1.56,3.22,2.23,4.42,4.33,3.45,4.34,4.45,3.98,2.76,1.31,1.51,1.21,1.26,1.34,0.86,1.08,45.39
one-sided,rh,adj,2,num,N-ed,0,0.14,0.51,2.31,2.91,3.05,2.8,3.05,2.52,2.94,2.91,3.12,2.64,3.04,3.06,2.59,2.69,1.82,1.72,1.52,45.33
school-house,rh,adj,2,noun,noun,0,1.3,3.78,3.36,4.86,5.22,6.36,7.38,3.45,2.94,4.32,1.29,0.41,0.08,0,0,0.13,0.04,0.07,0.03,45.01
red-hot,NA,adj,2,adj,adj,0,0.72,1.67,3.36,3.22,1.99,3.45,3.59,2.96,3.3,2.51,2.96,3.05,2.51,2.12,1.67,1.01,1.34,1.54,2,44.97
north-west,co,adj,2,noun,noun,0,13.14,3.99,6.17,4.37,2.46,2.75,3.94,1.84,1.31,0.4,1.72,0.41,0.57,0.2,0.54,0.34,0.32,0.11,0.07,44.64
short-lived,so,adj,2,adj,V-ed,0,0.58,2.9,1.68,2.43,1.35,2.37,2.41,2.38,2.08,1.37,1.44,1.83,1.77,2.61,2.96,3.07,2.96,3.87,3.96,44.01
white-haired,rh,adj,2,adj,N-ed,0,0.14,0.51,2.06,1.21,1.7,2.1,1.28,2.72,1.76,2.16,3.51,4.43,3.78,3.18,2.67,3.23,2.96,1.86,2.44,43.7
near-by,rh,adj,2,adv,prep,0,0,0,0,0.06,0.23,0.16,0.34,1.7,3.76,6.52,5.77,7.6,11.17,4.07,1.17,0.42,0,0.18,0,43.16
court-martial,so,adj,2,noun,adj,1.69,0.87,2.54,1.12,0.73,2.4,1.24,3.54,2.48,2.35,2.2,2.22,1.46,6.78,3.38,3.75,1.47,1.11,0.75,0.81,42.9
common-place,rh,adj,2,adj,noun,0.85,3.03,27.73,3.24,2.12,1.76,1.51,0.98,0.19,0.18,0.09,0.16,0.08,0.04,0.08,0.13,0.13,0,0,0.03,42.34
wide-eyed,rh,adj,2,adj,N-ed,0,0,0,0,0,0.23,0.59,0.94,0.78,1.9,3.13,4.4,3.01,2.87,3.99,4.3,3.02,4.27,3.94,4.4,41.77
gray-haired,rh,adj,2,adj,N-ed,0,0.14,0.44,1.06,2.61,2.81,2.91,1.92,2.48,2.31,2.25,2.03,2.15,2.75,2.4,2.59,3.44,2.61,2.04,2.44,41.37
hard-working,so,adj,2,adv,V-ing,0,0.58,1.16,0.69,1.76,1.76,2.64,2.85,2.28,2.49,2.73,2.53,2.76,3.57,3.14,3.21,2.39,1.62,1.75,1.35,41.28
common-sense,rh,adj,2,adj,noun,0,0.29,1.09,1.56,2.25,3.05,6.84,3.45,4.42,3.62,3.7,2.26,1.95,1.52,1.67,0.63,0.88,0.36,0.64,0.74,40.91
post-war,rh,adj,2,noun,noun,0,0,0,0,0,0,0,0,0,0.05,0.22,3.9,4.43,21.44,5.34,1.42,1.68,0.87,0.89,0.47,40.71
all-out,rh,adj,2,det,prep,0,0,0,0,0,0,0,0,0,0,0,0.04,0,6.82,12.39,6.88,5,3.91,2.9,2.27,40.2
over-all,rh,adj,2,adv,det,0,0,0,0.06,0.06,0.06,0,0,0,0.05,0.13,0.27,0.53,9.16,14.75,8.47,5.25,0.51,0.57,0.07,39.94
real-estate,rh,adj,2,adj,noun,0,0,0.07,0.19,0.24,0.06,0.92,0.49,0.58,1.54,3.61,2.22,4.11,3.45,4.36,4.55,3.95,4.11,2.79,2.44,39.67
second-hand,rh,adj,2,num,noun,1.69,0.43,1.09,1.37,2.37,1.58,2.69,2.36,3.4,3.03,3.7,2.42,2.76,1.89,2.49,1.33,1.47,1.34,0.79,0.61,38.82
right-wing,rh,adj,2,adj,noun,0,0,0,0,0,0,0,0,0.05,0,0,0.04,0.37,1.81,3.18,5.71,7.77,11.46,5.19,3.25,38.81
all-important,so,adj,2,det,adj,0,1.44,3.05,2.24,1.64,1.82,2.1,1.67,1.89,2.13,2.33,1.87,1.99,3.08,1.87,2.17,1.97,1.74,1.97,1.42,38.41
high-minded,so,adj,2,adj,V-ed,0.85,3.9,4.28,3.05,3.1,2.29,2.1,2.07,2.14,1.95,2.38,1.6,1.3,1.6,0.86,0.92,0.63,1.22,0.75,0.98,37.95
close-up,rh,noun,2,v,adv,0,0,0,0,0,0,0,0,0,0.05,0.04,22.1,0.73,1.19,1.26,2.75,1.85,1.98,2.68,2.94,37.58
nineteenth-century,rh,adj,2,num,noun,0,0,0,0,0,0.12,0.32,0.54,0.97,0.95,0.79,1.05,1.38,2.42,2.97,4.21,4.91,5.61,6.73,4.53,37.52
clear-cut,rh,adj,2,adj,noun,0,0,0,0,0.24,0.29,0.7,0.74,1.46,1.72,1.72,3,3.74,3.86,4.24,4.17,2.9,3.16,2.61,2.1,36.64
cease-fire,rh,adj,2,v,noun,0,0,0,0,0,0,0,0,0,0,0,0,0.04,1.15,7.37,6.05,13.18,5.37,2.25,1.08,36.51
north-east,co,adj,2,noun,noun,0,12.85,3.99,3.3,2.19,1.7,2.21,2.41,1.41,1.22,0.79,1.25,0.24,0.62,0.53,1,0.5,0.04,0.11,0.07,36.43
south-west,rh,adj,2,noun,noun,0.85,9.09,5.59,4.05,2.31,1.64,1.4,2.81,1.84,1.04,0.97,1.48,0.57,0.33,0.45,1.29,0.34,0.2,0.11,0.07,36.42
cold-blooded,rh,adj,2,adj,N-ed,0.85,0.87,2.11,2.55,2.31,1.76,1.89,2.36,1.8,2.08,2.64,2.42,2.44,1.81,1.1,1.67,1.47,1.46,1.5,1.25,36.32
red-faced,rh,adj,2,adj,N-ed,0,0.14,0.73,1.06,1.27,1.47,1.83,1.08,1.89,1.58,2.03,1.91,3.82,3.82,2.89,2.42,2.44,1.82,1.54,2.3,36.04
last-minute,rh,adj,2,adj,noun,0,0,0,0,0,0,0,0,0,0,0.04,0.66,2.64,3.53,4.6,5.17,5.08,4.42,4.19,4.36,34.71
high-tech,rh,adj,2,adj,noun,0,0,0,0,0,0,0,0,0,0,0,0,0,0,0,0,0,8.06,13.03,13.53,34.61
light-hearted,rh,adj,2,adj,N-ed,0,0.43,3.63,2.55,2.73,3.05,3.18,3.2,2.14,3.35,2.42,1.72,1.79,0.49,0.61,0.5,0.63,0.71,0.25,0.3,33.69
half-breed,NA,noun,2,det,noun,0,0.43,1.45,1.5,0.3,1.06,1.45,3.59,1.99,4.21,4.1,5.03,2.15,1.23,1.39,1.42,0.76,0.59,0.54,0.41,33.59
dark-eyed,rh,adj,2,adj,N-ed,1.69,1.73,2.18,5.73,1.7,2.23,1.89,1.62,2.09,1.86,1.37,1.05,1.1,1.23,1.1,0.83,0.76,1.38,0.86,0.88,33.28
left-hand,rh,adj,2,adj,noun,0,0.87,0.44,0.75,0.67,1.52,2.32,1.62,2.04,1.95,2.16,3.12,2.19,2.3,2.49,2.63,1.81,1.62,1.54,1.12,33.13
man-of-war,so,noun,3,noun,noun,2.54,0.14,3.27,3.61,2.19,2.81,2.37,2.51,5.68,2.31,1.45,1.68,0.53,0.45,0.86,0.08,0,0.2,0.11,0.34,33.13
best-known,so,adj,2,adj,V-ed,0,0,0.07,0,0.12,0.41,0.43,1.43,1.99,1.81,1.67,1.72,1.71,2.05,3.26,2.46,2.98,4.27,4.01,2.71,33.09
red-haired,rh,adj,2,adj,N-ed,0.85,0.29,0.51,0.31,0.61,1.35,0.81,1.28,1.26,1.54,1.72,1.87,2.8,3.04,3.14,1.88,3.15,2.01,2.58,2.1,33.08
second-rate,rh,adj,2,num,noun,0,0.14,0.58,2.62,5.4,0.7,1.72,1.38,0.83,1.27,2.29,1.48,2.15,1.97,2.2,2.09,1.76,1.7,1.29,1.45,33.03
ice-cream,rh,adj,2,noun,noun,0,0,0.36,0.87,0.24,1.82,1.45,1.33,1.46,2.31,5.15,3.08,2.36,1.56,2.61,2.13,1.51,1.46,1.5,1.79,33
one-man,rh,adj,2,num,noun,0,0,0,0.25,0.06,0.29,0.27,0.1,0.39,0.81,1.1,1.64,3.05,4.27,4.44,5.51,3.7,2.65,2.25,2.16,32.94
dark-haired,rh,adj,2,adj,N-ed,0,0.29,0.44,0.81,0.91,0.88,0.81,1.03,0.73,1.22,0.88,0.94,1.75,2.01,3.22,3,2.86,2.88,3.51,4.6,32.76
high-pitched,rh,adj,2,adj,N-ed,0,0,0.07,0.06,0,0.29,0.38,0.54,0.78,0.86,1.67,2.07,3.21,2.46,2.28,3.21,2.27,3.28,4.19,4.9,32.53
rocking-chair,rh,adj,2,V-ing,noun,0,0.29,0.94,1.62,3.64,4.93,3.45,4.77,3.69,1.9,2.69,2.38,0.98,0.57,0.37,0.08,0.04,0.04,0.07,0.03,32.49
good-humored,rh,adj,2,adj,N-ed,0,0.87,1.6,2.24,4.74,2.23,2.59,3.45,1.5,1.4,1.59,2.3,1.38,1.56,1.3,0.83,0.88,0.87,0.57,0.41,32.3
full-grown,so,adj,2,adj,V-ed,0.85,0.29,1.81,1.5,2.55,3.05,2.53,2.22,1.7,1.95,1.72,2.3,1.26,1.64,1.51,1.42,1.26,0.75,1.11,0.85,32.25
weather-beaten,so,adj,2,noun,V-ed,0,1.44,3.41,2.62,1.52,2.35,2.05,2.36,2.82,2.58,2.86,1.6,1.3,1.27,1.02,0.83,0.42,0.51,0.57,0.68,32.21
ill-fated,rh,adj,2,adj,N-ed,3.39,2.45,2.32,1.93,1.7,1.7,1.89,1.53,1.02,1.22,1.06,0.82,1.34,1.36,1.1,1.42,1.26,1.26,1.9,1.49,32.15
good-sized,rh,adj,2,adj,N-ed,0,0,0.51,0.87,0.79,1.11,1.94,2.81,2.72,2.44,3.17,2.88,1.91,2.14,2.08,2,1.22,1.19,1.15,1.05,31.97
life-long,rh,adj,2,noun,adj,0,0,0.15,1.56,3.76,5.57,5.17,3.84,2.77,1.95,1.59,1.4,0.61,0.37,0.57,0.46,0.46,0.43,0.82,0.44,31.92
black-and-white,co,adj,3,adj,adj,0,0,0.07,0.19,0,0.18,0.11,0.25,0.49,0.36,0.7,1.17,0.73,0.82,1.63,2.88,2.39,3.44,7.8,8.69,31.9
broken-hearted,rh,adj,2,V-ed,N-ed,2.54,3.03,3.56,3.05,3.4,3.17,3.23,2.66,1.75,0.86,1.15,0.82,0.69,0.7,0.24,0.17,0.17,0.12,0.18,0.1,31.58
small-town,rh,adj,2,adj,noun,0,0,0,0,0,0,0,0,0,0,0.57,2.53,4.06,3,3.59,3.04,2.44,3.48,3.61,5.24,31.57
able-bodied,rh,adj,2,adj,N-ed,0.85,0.29,1.52,1.25,1.09,2.46,2.91,1.48,2.23,1.95,2.42,1.75,1.34,2.75,1.43,1.21,1.01,1.3,1.07,0.98,31.3
up-to-date,rh,adj,3,adv,noun,0,0,0,0,0,0.18,0,0.05,0.68,3.03,3.44,3.51,3.58,2.79,2.77,2.13,2.1,2.17,1.97,2.5,30.89
low-income,rh,adj,2,adj,noun,0,0,0,0,0,0,0,0,0,0,0,0,0.69,1.48,2.2,4.09,4.83,4.35,5.94,7.17,30.74
day-to-day,co,adj,3,,,0,0,0,0,0,0,0,0.05,0,0.09,0.04,0.43,0.81,2.01,2.73,4,4.58,5.45,5.05,5.07,30.32
working-class,rh,adj,2,V-ing,noun,0,0,0,0.06,0,0.06,0.16,0.15,0.58,0.54,1.01,0.66,1.14,1.23,1.83,3.71,4.58,5.29,4.51,4.77,30.3
eighteenth-century,rh,adj,2,num,noun,0,0,0,0,0,0.06,0.16,0.3,1.07,2.08,2.38,2.14,2.24,2.14,2.57,3.59,4.03,3.28,1.97,2.23,30.22
south-east,co,adj,2,noun,noun,0,5.34,4.07,4.3,1.15,1.47,1.08,2.9,1.46,1.36,1.28,1.75,0.41,0.74,0.61,1.42,0.13,0.28,0.21,0.1,30.05
far-away,rh,adj,2,adv,adv,0,0,0.07,0.12,0.61,2.11,1.67,2.76,4.71,3.8,4.18,3.59,2.64,1.19,0.24,0.63,0.34,0.43,0.47,0.14,29.7
left-wing,rh,adj,2,adj,noun,0,0,0,0,0,0,0,0,0,0,0.04,0.23,2.15,3.94,4.44,4.71,4.95,5.53,1.72,1.62,29.35
full-length,rh,adj,2,adj,noun,0,0,0.51,1.06,1.09,0.41,1.02,0.84,0.78,1,0.66,1.25,1.95,2.01,2.32,2.38,2.48,3.12,3.33,3.08,29.28
passers-by,so,noun,2,noun,prep,0,0,0.8,1.18,2.19,2.11,2.69,2.51,2.43,2.08,1.81,1.72,1.67,1.6,1.34,1.75,1.09,0.95,0.47,0.71,29.09
wide-spread,so,adj,2,adj,V-ed,0.85,0.29,1.96,2.99,3.22,3.87,4.26,3.05,1.89,1.36,2.33,0.97,0.45,0.53,0.12,0.17,0.08,0.12,0.29,0,28.8
fresh-water,rh,adj,2,adj,noun,0,0.43,0.29,1.06,1.09,1,4.96,0.94,1.65,1.04,0.88,0.66,0.61,0.82,10.88,1.04,0.21,0.67,0.04,0.14,28.4
cast-iron,rh,adj,2,v,noun,0,0.43,0.65,0.62,2.06,3.52,2.32,1.58,0.78,2.4,0.57,1.09,1.14,1.4,1.59,1.08,1.09,1.46,2.18,2.37,28.33
first-born,so,adj,2,num,V-ed,2.54,1.59,2.9,2.49,2.79,2.23,1.29,1.62,2.43,1.04,1.06,1.05,0.85,1.48,0.77,0.25,0.5,0.63,0.36,0.34,28.23
ready-made,so,adj,2,adj,V-ed,0.85,0,0.87,0.31,0.55,1.23,1.51,1.48,1.55,2.08,2.29,2.18,1.63,2.87,2.36,1.79,0.97,1.38,1.47,0.85,28.22
ever-increasing,rh,adj,2,adv,V-ing,0,0,0.15,0.31,0.36,1,1.62,1.62,2.04,2.04,2.64,2.65,1.79,1.77,2.28,1.63,1.89,1.58,1.25,1.35,27.96
time-honored,so,adj,2,noun,V-ed,0,0,0.94,1.12,2.31,2.17,1.89,2.95,1.41,1.27,2.03,1.64,0.85,1.15,0.9,1.42,1.6,1.34,1.54,1.35,27.87
looking-glass,rh,adj,2,V-ing,noun,0,1.3,2.11,2.68,4.43,4.05,3.39,1.92,1.89,1.81,0.88,0.9,0.77,0.25,0.49,0.33,0.17,0.12,0.14,0.17,27.8
teen-age,rh,adj,2,num,noun,0,0,0,0,0,0,0,0,0,0,0,0,0.12,1.19,5.66,7.88,6.09,5.02,1.61,0.17,27.74
man-made,so,adj,2,noun,V-ed,0,0,0,0.06,0.06,0.06,0.32,0.2,0.1,0.63,1.85,1.6,1.46,2.87,3.42,2.29,3.23,3.48,2.93,3.04,27.62
make-believe,co,noun,2,v,v,0,0,0.15,0.5,0.49,0.47,1.24,0.84,1.02,1.72,1.72,3.16,1.06,1.77,2.36,2.71,1.55,1.3,3.36,1.89,27.3
life-blood,rh,adj,2,noun,noun,5.08,1.3,3.48,4.24,2.67,2.46,1.62,2.12,1.02,0.77,0.75,0.58,0.28,0.25,0.29,0,0.17,0.08,0.11,0,27.26
one-time,rh,adj,2,num,noun,0,0,0,0,0,0,0,0,0.44,1,1.28,1.99,2.44,2.38,2.16,1.75,2.9,2.8,3.61,4.43,27.18
half-century,rh,adj,2,det,noun,0,0.29,0.51,0.75,1.82,1.41,0.43,0.84,2.14,2.81,1.67,1.01,1.1,0.62,1.75,1.67,1.18,1.74,2.29,2.6,26.61
pent-up,rh,adj,2,v,adv,0,0.14,0.8,0.69,1.76,2.52,1.72,1.67,1.84,1.63,1.67,1.72,1.3,1.89,1.18,1.04,1.05,1.5,1.29,1.01,26.44
follow-up,rh,adj,2,v,adv,0,0,0,0,0,0,0,0,0,0,0.26,0.35,0.53,1.11,1.59,3,2.52,4.11,6.37,6.6,26.44
never-ending,rh,adj,2,adv,V-ing,1.69,1.01,1.31,0.81,0.79,1.52,1.24,1.48,1.17,0.68,1.45,1.75,1.67,1.03,0.57,1.33,1.43,1.07,2.15,2.27,26.41
men-at-arms,so,noun,3,,,3.39,1.15,0.44,6.29,3.46,0.59,1.02,0.25,1.46,1.49,0.35,0.27,0.85,0.37,1.14,0.29,1.22,1.42,0.21,0.68,26.35
subject-matter,rh,adj,2,noun,noun,0.85,0,0.65,0.81,3.1,1,2.32,0.64,1.17,4.16,3.39,2.88,1.5,0.57,0.94,0.5,1.13,0.2,0.25,0.07,26.13
tender-hearted,rh,adj,2,adj,N-ed,8.47,1.73,1.67,0.93,1.76,1.64,2.32,2.02,1.17,1.13,1.59,0.66,0.45,0.21,0.04,0.04,0.04,0.08,0.07,0.07,26.08
high-speed,rh,adj,2,adj,noun,0,0,0,0,0,0,0,0,0.15,0.41,0.44,0.66,1.3,2.3,2.36,3.09,1.72,3.71,3.76,6.05,25.95
heart-broken,so,adj,2,noun,V-ed,1.69,1.88,2.32,2.06,2.43,2.76,3.93,3.15,1.8,1.45,0.88,0.47,0.28,0.33,0.12,0.04,0.08,0,0,0.03,25.7
machine-gun,rh,adj,2,noun,noun,0,0,0,0,0,0,0,0,0,0.27,2.33,1.64,3.54,6.69,2.24,2.5,1.6,1.42,1.32,1.93,25.49
cross-legged,rh,adj,2,prep,N-ed,0,0.14,0.29,1.43,0.36,0.29,0.59,0.34,0.63,0.54,1.19,1.44,1.22,1.36,2.08,2.5,2.65,2.25,2.83,3.31,25.46
long-suffering,so,adj,2,adj,V-ing,1.69,1.15,1.38,0.62,1.34,1.64,1.89,1.38,1.46,1.09,1.37,0.97,1.14,1.36,1.79,1.13,0.92,1.07,0.79,1.22,25.38
all-powerful,so,adj,2,det,adj,0.85,1.59,0.94,0.93,1.46,1.17,2.26,1.48,1.75,1.49,1.32,1.01,1.14,1.19,1.3,1.08,1.3,1.54,0.97,0.54,25.32
all-time,rh,adj,2,det,noun,0,0,0,0,0,0,0,0,0.05,0,0,0.12,2.28,2.59,3.26,1.88,2.56,3.56,4.29,4.73,25.31
fine-looking,so,adj,2,adj,V-ing,0,0,1.89,1.68,3.1,2.58,2.69,1.92,2.62,1.45,1.32,1.01,0.69,0.57,0.73,0.79,0.55,0.79,0.32,0.54,25.25
bright-eyed,rh,adj,2,adj,N-ed,0.85,0.14,1.38,1.62,1.82,1.35,1.94,1.58,1.65,1.09,1.19,1.25,0.77,1.36,1.79,1.38,1.3,0.99,0.89,0.91,25.24
high-spirited,rh,adj,2,adj,N-ed,0.85,1.15,2.03,1.62,3.16,1.93,1.83,1.03,1.84,1.27,1.23,1.13,0.73,0.9,0.98,0.46,0.63,0.99,0.5,0.78,25.06
red-headed,rh,adj,2,adj,N-ed,0,0,0.73,0.5,0.55,1,0.48,1.23,1.7,2.49,3.66,3.12,3.09,1.36,2,1,0.67,0.47,0.36,0.41,24.8
blood-stained,so,adj,2,noun,V-ed,2.54,1.3,2.83,2.74,1.21,1.7,1.78,0.94,1.89,1.18,1.32,1.21,0.85,0.49,0.33,0.29,0.71,0.59,0.61,0.24,24.76
long-lost,so,adj,2,adj,V-ed,2.54,0.87,1.74,1.68,1.4,1.47,1.89,0.98,1.12,1,0.79,0.82,0.77,0.82,1.02,0.83,0.84,1.34,1.47,1.35,24.74
twentieth-century,rh,adj,2,num,noun,0,0,0,0,0,0,0,0.15,0.24,0.91,1.1,1.33,1.26,1.07,2.08,2.96,2.35,2.84,6.01,2.44,24.73
long-standing,so,adj,2,adj,V-ing,0,0,0.15,0.12,0.06,0.06,0.32,0.54,0.49,0.77,0.93,0.74,1.18,2.09,1.67,2.5,2.81,2.8,3.47,3.75,24.46
ever-present,rh,adj,2,adv,v,0,0.14,0.36,0.93,0.97,1.11,1.89,1.38,1.21,1.13,2.03,1.68,1.14,1.93,0.86,1,1.72,1.3,1.65,2,24.43
fund-raising,so,noun,2,noun,V-ing,0,0,0,0,0,0,0,0,0,0,0,0,0.12,0.53,2.53,4.38,5.16,3.59,5.37,2.74,24.43
blood-red,so,adj,2,noun,adj,0.85,0.29,1.09,3.24,1.46,1.76,1.19,1.38,1.8,1.4,1.06,1.09,0.81,0.78,1.1,0.46,0.67,0.91,1.32,1.52,24.17
full-fledged,so,adj,2,adj,V-ed,0,0.14,0,0.12,0.24,0.35,0.38,0.79,0.92,0.95,1.23,1.21,0.89,2.09,2.28,2.71,2.27,2.8,2.25,2.47,24.12
short-sighted,so,adj,2,adj,V-ed,0.85,1.88,0.94,2.18,2.43,1.52,1.67,2.61,2.04,1.18,1.72,0.97,0.81,0.82,0.53,0.21,0.34,0.55,0.32,0.34,23.91
ill-will,rh,adj,2,adj,noun,3.39,0.58,2.54,1.68,2.73,2.4,1.83,2.51,1.21,0.91,1.15,0.86,0.69,0.33,0.24,0.17,0.21,0.12,0.18,0.03,23.76
by-and-by,co,noun,3,prep,prep,0.85,0,1.74,1.81,3.58,3.75,3.5,3.89,2.09,1.27,0.09,0.12,0.41,0.16,0.16,0.08,0.04,0,0.14,0.03,23.72
new-found,so,adj,2,adj,V-ed,0,0.29,1.23,1.06,0.97,1.82,1.08,1.58,1.7,1.63,1.28,2.34,1.06,1.19,1.26,1.08,1.93,0.91,0.97,0.3,23.67
hard-boiled,so,adj,2,adv,V-ed,0,0,0.94,0,0.3,0.18,0.32,1.38,0.49,0.27,0.53,2.85,4.31,2.63,2.12,1.38,1.13,2.77,0.93,1.15,23.67
half-closed,so,adj,2,adv,V-ed,0,0.29,0.29,1.12,1.21,1.29,1.78,1.82,1.65,2.04,1.41,2.22,1.63,1.48,1.22,1.42,0.59,0.63,0.97,0.57,23.63
full-scale,rh,adj,2,adj,noun,0,0,0,0,0,0,0,0,0.05,0,0,0.04,0.24,2.09,3.75,4.46,4.62,4.23,2.54,1.56,23.58
one-way,rh,adj,2,num,noun,0,0,0.07,0,0,0,0,0,0,0,0.13,0.78,1.26,1.56,3.14,2.92,2.77,3.67,3.4,3.82,23.53
home-made,so,adj,2,noun,V-ed,0,0.58,0.73,1.18,1.64,1.41,1.4,1.67,1.5,1.72,2.38,3.04,1.34,1.4,1.18,0.83,0.67,0.36,0.18,0.27,23.48
decision-making,so,noun,2,noun,V-ing,0,0,0,0,0,0,0,0,0,0,0,0,0,0.08,0.69,3.29,3.49,6.91,4.76,4.23,23.45
single-handed,rh,adj,2,adj,N-ed,0,0.72,1.09,1.56,1.03,1.11,0.97,1.53,1.99,1.99,2.55,2.73,1.46,0.66,1.06,0.79,0.88,0.63,0.32,0.2,23.29
high-level,rh,adj,2,adj,noun,0,0,0,0,0,0,0,0,0.15,0.05,0.18,0.08,0.16,1.03,2.69,2.54,4.16,5.49,3.22,3.08,22.81
law-abiding,so,adj,2,noun,V-ing,0,0,0.07,0.31,0.73,0.23,1.08,1.82,2.28,1.58,1.59,1.91,1.75,1.52,1.39,1.84,1.43,1.22,0.97,1.08,22.8
open-air,rh,adj,2,adj,noun,0,0,0.07,0,0.06,0.41,1.19,0.89,1.41,2.26,1.85,1.48,1.5,0.94,1.55,1.63,0.76,1.82,2.51,2.4,22.72
warm-hearted,rh,adj,2,adj,N-ed,0,0.87,1.74,2.8,2.79,1.93,2.75,2.31,1.36,1.27,1.76,0.51,0.49,0.49,0.57,0.13,0.25,0.2,0.18,0.24,22.64
easy-chair,rh,adj,2,adj,noun,0,0.43,0.44,0.31,3.34,2.23,3.77,4.04,3.79,1.81,0.75,0.86,0.33,0.12,0.08,0.25,0,0,0.04,0,22.57
custom-house,rh,adj,2,noun,noun,0.85,1.01,2.76,2.55,3.52,2.46,2.53,1.97,1.99,1.67,0.79,0.23,0.16,0,0,0.04,0,0,0,0,22.55
school-boy,rh,adj,2,noun,noun,2.54,1.01,2.9,1.99,3.16,3.34,1.78,1.67,1.41,0.95,1.15,0.27,0.12,0.08,0,0.04,0,0.04,0.04,0.03,22.53
second-class,rh,adj,2,num,noun,0,0,0,0,0.73,0.64,1.62,0.69,1.55,1.95,2.07,0.7,0.93,1.15,2.65,2.42,2.31,1.03,1.22,0.81,22.47
deep-seated,so,adj,2,adj,V-ed,0,0,0.8,1.37,1.03,0.76,1.4,1.92,0.78,1.04,1.67,1.25,1.14,1.4,1.79,1.58,1.22,1.38,0.79,1.01,22.34
broad-shouldered,rh,adj,2,adj,N-ed,0,0,0.44,0.81,0.67,0.76,1.99,0.98,1.21,1.4,1.98,1.6,1.14,1.36,1.71,1,1.05,1.03,1.15,2,22.27
nation-wide,rh,adj,2,noun,adj,0,0,0,0,0,0,0,0,0,0.09,1.81,3.35,5.57,4.44,3.75,2.17,0.29,0.12,0.18,0.07,21.83
three-dimensional,NA,adj,2,num,adj,0,0,0,0,0,0,0,0,0,0.05,1.28,0.7,1.18,0.99,1.75,1.71,2.27,3.56,5.23,3.01,21.71
long-continued,so,adj,2,adv,V-ed,0.85,0.29,1.16,1.74,2.43,2.35,2.42,2.66,1.46,2.08,1.37,0.9,0.65,0.53,0.49,0.13,0.13,0,0.04,0,21.66
panic-stricken,so,adj,2,noun,V-ed,0,0,0.15,1.12,0.91,1.7,2.15,1.62,1.46,1.63,3.04,2.07,1.5,0.86,0.94,0.71,0.25,0.47,0.68,0.27,21.54
health-care,rh,adj,2,noun,noun,0,0,0,0,0,0,0,0,0,0,0,0,0,0.08,0,0.63,1.3,3.32,10.49,5.72,21.53
heart-rending,so,adj,2,noun,V-ing,1.69,3.03,3.78,2.99,1.21,1.11,1.99,0.94,0.92,0.5,0.44,0.39,0.33,0.45,0.37,0.08,0.34,0.16,0.39,0.1,21.21
snow-covered,so,adj,2,noun,V-ed,0,0,0.29,1,0.67,0.82,0.86,0.79,1.02,1.81,1.5,1.72,1.18,1.36,0.69,1.21,1.43,1.66,1.4,1.72,21.11
low-cost,rh,adj,2,adj,noun,0,0,0,0,0,0,0.05,0,0,0,0.18,0.27,1.54,2.18,2.12,2.29,1.34,3.24,4.51,3.35,21.08
black-eyed,rh,adj,2,adj,N-ed,1.69,0.72,1.02,1.31,1.03,2.11,1.45,1.23,1.26,0.63,1.19,1.09,0.65,0.7,0.61,1,0.55,0.43,1,1.39,21.07
hard-hearted,rh,adj,2,adj,N-ed,3.39,2.6,1.52,2.24,2.31,1.76,1.62,1.43,0.73,0.77,0.93,0.39,0.28,0.29,0,0,0.17,0.24,0.18,0.17,21
full-blown,so,adj,2,adj,V-ed,0,0.14,0.58,1.12,1.27,1.06,1.29,1.08,0.58,0.72,0.57,0.66,0.65,0.82,1.18,1.38,1.01,1.74,2.25,2.84,20.97
free-trade,rh,adj,2,adj,noun,0,0,0.15,0.93,7.53,1.35,1.19,0.94,1.17,0.91,0.66,0.39,0.24,0.33,1.26,0.42,0.55,1.11,1.04,0.81,20.95
left-handed,rh,adj,2,adj,N-ed,0,0,0.58,0.25,0.49,0.59,0.59,0.2,0.39,0.63,1.94,1.09,1.59,1.64,1.87,1.79,2.77,1.07,2.15,1.25,20.88
by-product,so,noun,2,prep,noun,0,0,0,0,0,0,0,0.1,0.15,0.91,2.78,3.2,1.95,3.08,1.55,2.09,1.01,1.03,1.61,1.42,20.85
good-nature,rh,adj,2,adj,noun,0,1.15,2.18,2.18,2.67,2.05,3.07,2.02,1.75,1.13,1.19,0.74,0.37,0.08,0.04,0.08,0.13,0,0,0,20.83
high-heeled,rh,adj,2,adj,N-ed,0.85,0,0.22,0.5,0.49,0.7,0.86,0.49,0.92,1.04,0.93,2.26,1.1,1.36,1.91,1.21,1.6,1.7,1.07,1.45,20.65
broad-brimmed,so,adj,2,adj,V-ed,0,0.43,1.45,2.18,1.21,2.05,1.51,2.22,1.31,1.04,1.5,0.94,0.85,0.66,0.77,0.38,0.42,0.51,0.39,0.71,20.54
slow-moving,so,adj,2,adj,V-ing,0,0,0.22,0.62,0.24,0.53,0.59,0.69,0.73,1.31,1.06,1.75,1.14,1.48,2.2,1.79,1.34,1.07,1.79,1.96,20.52
year-round,rh,adj,2,noun,adj,0,0,0,0,0,0,0,0,0,0.09,0.04,0.31,0.2,1.56,1.67,1.96,2.52,2.33,4.33,5.48,20.5
love-making,so,noun,2,noun,V-ing,0,0,0.15,0.25,0.24,0.7,3.07,2.61,1.65,1.45,1.72,2.03,1.14,0.94,1.3,0.88,0.97,0.36,0.79,0.2,20.44
half-naked,rh,adj,2,adj,N-ed,0,0.72,1.09,3.36,1.27,0.7,0.92,0.64,0.73,0.59,0.97,0.62,1.34,1.52,0.94,0.63,1.05,1.11,1.15,1.05,20.39
one-eyed,rh,adj,2,num,N-ed,0,0,1.31,1.56,1.21,2.17,0.81,0.69,1.12,1.22,0.62,0.78,1.91,1.4,1.06,0.88,0.88,0.87,0.75,1.12,20.34
long-drawn,so,adj,2,adj,V-ed,0,0.14,1.09,1.18,1.88,2.17,1.62,1.72,1.7,1.9,2.11,2.03,0.89,0.62,0.53,0.29,0.25,0.08,0.04,0.03,20.28
face-to-face,co,adj,3,,,0,0,0,0,0,0.06,0,0,0.05,0.14,0.31,0.19,1.14,1.4,1.02,1.84,1.55,2.53,3.9,6.16,20.27
light-years,rh,adj,2,noun,noun,0,0,0,0,0,0,0,0,0,0,0,1.17,0.77,0.33,2.12,2.42,3.57,1.58,4.83,3.48,20.27
open-mouthed,rh,adj,2,adj,N-ed,0,0.43,0.29,0.75,0.61,0.64,1.35,1.28,1.21,1.58,1.81,1.33,1.54,0.94,1.3,1.29,0.71,1.22,0.97,0.98,20.25
out-of-doors,rh,adv,3,,,0.85,0,0,0.06,0.12,1.06,1.35,2.9,1.46,2.26,2.6,2.53,0.93,0.7,1.18,0.33,0.38,0.47,0.5,0.2,19.89
good-for-nothing,rh,adj,3,,,1.69,0.72,1.45,2.24,0.97,1.82,2.21,1.43,0.97,0.72,1.06,0.78,0.69,0.78,0.77,0.42,0.25,0.4,0.39,0.1,19.87
long-time,rh,adj,2,adj,noun,0.85,0,0,0,0.18,0.18,0.05,0.2,0.19,0.18,0.57,0.86,1.95,1.48,2.04,2.88,3.53,1.66,1.61,1.45,19.86
long-legged,rh,adj,2,adj,N-ed,0,0,0.65,1.12,0.91,0.76,0.48,1.13,1.31,1.27,1.54,1.25,1.42,1.11,1.55,0.92,1.34,1.11,0.86,1.12,19.85
best-selling,so,adj,2,adj,V-ing,0,0,0,0,0,0,0,0,0.05,0.14,0.13,0.23,1.22,2.38,0.81,1,1.01,3.12,5.12,4.5,19.71
high-powered,rh,adj,2,adj,N-ed,0,0,0,0,0,0,0,0.05,0.1,0.23,0.57,1.95,2.03,1.6,1.87,2.17,2.02,2.01,2.29,2.71,19.6
rose-colored,rh,adj,2,noun,N-ed,0,0,0.8,0.75,2.25,1.35,2.59,1.03,1.41,1.22,0.7,1.09,0.89,0.78,0.81,0.75,0.63,0.79,0.82,0.78,19.45
poverty-stricken,so,adj,2,noun,V-ed,0,0.14,0.51,1.31,1.7,0.88,1.08,1.13,1.07,1.27,1.15,1.4,1.71,1.27,0.9,1.29,0.97,0.71,0.54,0.41,19.42
white-faced,rh,adj,2,adj,N-ed,0,0.29,0.15,0.31,0.24,0.35,0.7,0.89,0.97,2.04,1.59,2.42,1.99,1.68,1.63,0.79,0.8,1.07,0.75,0.57,19.22
all-night,rh,adj,2,det,noun,0,0,0.07,0,0.06,0,0.32,0.25,0.39,0.68,0.88,1.68,1.42,2.14,1.26,1.96,2.44,1.58,2.08,1.93,19.13
absent-minded,rh,adj,2,adj,N-ed,0,0.14,0.07,0.31,1.03,0.59,1.45,1.23,1.65,1.99,1.72,1.56,1.71,1.52,1.22,1.29,0.67,0.43,0.29,0.2,19.09
fair-haired,rh,adj,2,adj,N-ed,0,0.43,0.87,1.31,1.7,1.47,1.94,0.89,1.02,1.86,0.88,1.13,0.89,0.74,0.69,0.67,0.42,0.99,0.39,0.78,19.06
well-fed,so,adj,2,adv,V-ed,0,0,0.44,1.12,0.73,0.88,0.65,1.38,1.17,0.91,1.06,1.13,1.22,2.14,1.3,1.25,0.92,0.75,0.89,1.12,19.04
high-born,so,adj,2,adj,V-ed,2.54,1.3,2.11,2.24,2.49,1.11,1.56,1.13,1.41,0.77,0.66,0.39,0.12,0.16,0.2,0.17,0.08,0.2,0.14,0.2,19
half-starved,so,adj,2,adv,V-ed,0.85,1.44,1.23,0.93,2.06,1.82,1.56,1.13,1.31,1.36,1.1,0.55,0.93,0.62,0.57,0.08,0.46,0.4,0.14,0.34,18.89
two-way,rh,adj,2,num,noun,0,0,0,0,0,0,0,0,0,0,0,0.12,0.77,1.89,2.4,2.84,1.97,2.37,3.4,3.04,18.81
tell-tale,rh,adj,2,v,noun,1.69,1.01,1.02,1.12,2,1.52,1.35,2.02,1.26,1.72,1.01,0.94,0.65,0.21,0.2,0.17,0.34,0.2,0.21,0.14,18.77
high-priced,rh,adj,2,adj,N-ed,0,0,0,0,0.18,0.12,0.27,0.79,0.49,1.22,1.37,1.44,1.42,1.89,1.51,1.33,1.26,2.05,1.65,1.76,18.74
full-page,rh,adj,2,adj,noun,0,0,0,0.06,0,0,2.05,0.98,1.17,1.58,1.5,0.58,1.14,1.44,1.02,2.34,1.68,1.07,1.25,0.85,18.7
soft-spoken,so,adj,2,adj,V-ed,0,0.14,0.07,0,0.12,0.18,0.22,0.15,0.15,0.18,0.22,0.66,1.18,1.52,1.18,2.29,2.69,2.77,2.4,2.57,18.68
ill-natured,rh,adj,2,adj,N-ed,1.69,1.15,1.45,1.25,3.1,1.82,2.15,1.53,1.46,0.68,0.48,0.7,0.12,0.37,0.33,0.13,0,0.04,0.04,0.1,18.58
black-haired,rh,adj,2,adj,N-ed,0,0,0,1,0.18,0.59,0.59,0.79,0.83,1.36,0.79,0.94,2.44,2.05,1.67,0.96,1.13,0.95,1.5,0.81,18.58
knee-deep,so,adj,2,noun,adj,0,0,0.58,0.44,0.61,1.47,1.35,0.98,1.31,0.68,1.28,1.05,0.98,1.03,1.06,1.08,1.13,1.19,0.82,1.52,18.55
white-collar,rh,adj,2,adj,noun,0,0,0,0,0,0,0,0,0,0,0.09,0.35,2.8,1.85,1.96,1.46,2.31,3.2,2.25,2.2,18.47
after-dinner,rh,adj,2,prep,noun,0,0,0.36,0.56,0.73,0.88,1.29,1.33,1.7,1.45,1.45,1.91,1.26,0.94,0.77,0.71,1.01,0.47,0.61,0.98,18.42
empty-handed,so,adj,2,adj,V-ed,0.85,0,0.36,0.69,0.3,0.47,1.56,0.89,1.17,0.86,0.97,1.33,1.1,0.82,0.94,0.83,1.68,1.07,1.25,1.29,18.41
age-old,so,adj,2,noun,adj,0,0,0,0,0,0.06,0,0,0,0.18,1.32,2.14,1.75,1.64,2,2.13,1.64,1.78,1.83,1.89,18.35
life-time,rh,adj,2,noun,noun,0.85,0.72,2.47,2.31,2.25,1.29,2.1,2.12,0.68,0.72,1.15,0.51,0.24,0.12,0.24,0,0.25,0.08,0.07,0.14,18.3
mail-order,rh,adj,2,noun,noun,0,0,0,0,0,0,0,0,0,0.36,0.84,1.48,1.75,1.56,1.14,1.92,2.27,2.53,2.65,1.79,18.28
medium-sized,rh,adj,2,adj,N-ed,0,0,0,0,0.18,0.12,0.11,0.94,0.53,0.54,0.88,0.7,1.46,2.22,1.39,1.75,1.81,2.17,2.25,1.22,18.27
passer-by,so,noun,2,noun,prep,0,0,1.38,1.25,0.97,1.35,1.56,1.33,1.8,1.63,1.67,1.36,0.57,0.62,1.02,0.71,0.42,0.16,0.07,0.1,17.96
off-hand,rh,adv,2,prep,noun,0,0.72,1.52,1.74,1.58,1.23,1.78,2.26,1.36,1.36,0.97,1.05,0.53,0.53,0.41,0.33,0.17,0.28,0.07,0,17.9
air-conditioned,rh,adj,2,noun,N-ed,0,0,0,0,0,0,0,0,0,0,0,0.04,0.89,1.72,2.61,3.71,2.52,1.7,2.43,2.27,17.9
know-how,rh,adj,2,v,noun,0,0,0,0,0,0,0,0,0,0,0,0,0.08,2.55,3.87,3,1.85,2.09,1.93,2.4,17.78
spring-time,rh,adj,2,noun,noun,0.85,0.29,1.6,2.12,3.04,2.29,1.4,2.36,2.09,0.77,0.35,0.35,0,0.04,0.04,0,0.04,0,0.04,0,17.66
box-office,rh,adj,2,noun,noun,0,0,0.15,0,0,0.18,0.05,0.2,0.19,0.36,0.35,1.25,2.07,1.85,2.81,1.21,1.26,2.33,1.4,2,17.65
first-hand,rh,adj,2,num,noun,0,0,0,0,0.06,0,0.22,0.3,0.73,1.31,2.51,2.57,1.95,1.72,1.3,1.04,1.34,0.71,0.89,0.74,17.41
long-haired,rh,adj,2,adj,N-ed,0,0,0.15,0.87,0.12,0.53,0.97,0.25,0.63,1.31,0.66,1.13,0.77,1.48,0.61,1.21,3.23,0.79,1.43,1.25,17.39
half-open,NA,adj,2,adv,adj,0,0,0.65,0.25,1.34,0.94,1.51,1.33,0.92,0.77,0.66,0.78,1.1,1.19,0.69,1.33,1.09,0.83,1.07,0.91,17.37
civil-rights,rh,adj,2,adj,noun,0,0,0,0,0,0,0,0,0,0,0,0,0,0.57,2.12,7.97,2.18,1.58,2,0.78,17.21
high-ranking,so,adj,2,adj,V-ing,0,0,0,0,0,0,0,0,0,0,0.04,0.04,0.28,1.97,2,2.17,3.49,3.28,1.65,2.23,17.15
life-giving,so,adj,2,noun,V-ing,0,0.29,1.6,0.93,1.46,1.41,1.13,1.28,1.55,1.09,0.97,0.62,0.41,0.62,0.73,0.5,0.59,0.51,0.72,0.71,17.11
high-handed,rh,adj,2,adj,N-ed,1.69,0.72,1.67,1.18,0.36,0.94,0.86,0.98,0.73,0.86,1.19,1.33,0.89,0.74,0.45,0.63,0.71,0.55,0.29,0.14,16.92
easy-going,so,adj,2,adj,V-ing,0,0.14,0.07,0.19,0.06,0.41,0.54,1.43,2.09,2.17,2.03,1.91,1.67,1.03,0.9,0.79,0.34,0.4,0.54,0.24,16.92
clean-cut,rh,adj,2,adj,noun,0,0,0,0.12,0.06,0,0.27,0.2,0.87,1.54,1.89,2.42,1.34,1.15,1.87,1.58,1.13,0.91,0.5,0.98,16.85
blue-green,co,adj,2,adj,adj,0,0,0,0,0.12,0,0.32,0.25,0.24,0.41,0.75,1.21,1.14,1.64,1.83,1.25,0.97,1.78,2.4,2.5,16.81
single-minded,rh,adj,2,adj,N-ed,0,0.29,0.65,0.25,0.55,0.47,0.22,0.25,0.68,0.77,0.4,0.62,0.49,0.7,1.14,1.84,1.6,2.53,1.79,1.59,16.8
far-flung,so,adj,2,adv,V-ed,0,0,0,0.06,0,0,0,0,0,0.05,0.48,1.6,1.71,2.3,2.28,1.21,1.22,1.38,2.15,2.37,16.8
ill-advised,so,adj,2,adj,V-ed,0,0.29,1.09,1.06,0.91,0.41,0.48,1.13,0.83,0.63,1.15,1.01,0.85,1.15,0.73,1.17,1.13,1.03,0.79,0.91,16.76
avant-garde,co,adj,2,noun,noun,0,0,0,0,0,0,0,0,0,0,0,0,0,0.16,1.87,2.96,1.55,4.31,3.65,2.23,16.74
public-spirited,rh,adj,2,adj,N-ed,0,0.29,0.65,0.69,0.73,1.11,0.92,1.08,1.94,1.58,1.45,1.33,1.79,0.82,0.41,0.42,0.5,0.4,0.47,0.17,16.74
ill-timed,rh,adj,2,adj,N-ed,3.39,2.17,1.52,0.69,1.27,0.82,0.92,0.39,0.44,0.86,0.62,0.58,0.37,0.49,0.53,0.38,0.63,0.2,0.18,0.3,16.74
high-toned,rh,adj,2,adj,N-ed,0,0.87,1.16,0.5,1.27,1.11,2.05,3.25,1.36,0.95,0.93,0.27,0.45,0.53,0.57,0.21,0.5,0.4,0.18,0.17,16.73
door-step,rh,adj,2,noun,noun,0,0.72,1.02,1.99,2.06,1.76,1.83,1.82,1.41,1.99,1.06,0.66,0.28,0.04,0,0,0,0,0.04,0,16.69
air-conditioning,rh,adj,2,noun,V-ing,0,0,0,0,0,0,0,0,0,0,0,0.27,0.53,0.86,1.67,1.46,1.85,2.09,2.97,4.97,16.68
much-needed,so,adj,2,det,V-ed,0,0,0.07,0,0.12,0.23,0.54,0.94,0.68,1.18,1.37,1.36,0.85,1.31,1.3,1.25,0.92,0.99,1.43,2.13,16.68
one-room,rh,adj,2,num,noun,0,0,0,0,0,0,0,0.2,0.53,0.41,0.44,0.9,1.06,1.56,2.12,1.88,1.85,1.74,1.79,2.2,16.66
dry-goods,rh,adj,2,adj,noun,0,0,0.15,1.5,0.49,1.99,1.83,1.53,2.48,1.58,1.54,0.62,0.37,0.53,0.53,0.5,0.29,0.2,0.25,0.27,16.64
hard-pressed,so,adj,2,adj,V-ed,0,0.14,0.15,0.12,0.12,0.29,0.48,0.25,0.34,0.27,0.84,0.35,0.81,1.64,1.59,1.88,2.02,1.78,1.75,1.79,16.62
high-backed,so,adj,2,adj,V-ed,0,0,0.36,1.06,1.46,1,0.81,1.18,1.02,1.18,1.01,0.62,1.14,0.99,0.53,1.29,0.42,0.87,0.89,0.74,16.57
big-time,rh,adj,2,adj,noun,0,0,0,0,0,0,0,0,0,0,0,0,0.89,1.6,2.44,1.88,1.39,1.62,3.22,3.52,16.56
all-pervading,so,adj,2,det,V-ing,0,0.43,1.6,2.55,1.27,1.64,1.13,1.03,1.36,1.4,0.88,0.78,0.49,0.37,0.33,0.38,0.46,0.12,0.11,0.03,16.37
above-mentioned,so,adj,2,prep,V-ed,0,0.43,1.67,1.06,1.27,1,1.19,0.74,1.17,1.58,1.1,0.9,0.61,0.49,0.98,0.54,0.84,0.08,0.11,0.54,16.29
hard-earned,so,adj,2,adv,V-ed,2.54,0.14,1.16,0.62,0.85,0.53,0.75,0.64,0.83,0.77,1.19,0.43,0.65,0.33,0.53,0.29,0.92,0.71,1.11,1.25,16.25
wild-eyed,rh,adj,2,adj,N-ed,0,0,0.07,0.06,0.06,0.18,0.43,0.64,0.78,1.09,1.01,1.44,1.18,1.36,1.06,1.08,1.39,1.66,1.43,1.29,16.2
front-page,rh,adj,2,noun,noun,0,0,0,0,0,0,0,0,0,0.05,0.09,0.66,1.63,1.44,1.83,1.63,2.1,2.61,2,2.1,16.13
hand-to-hand,co,adj,3,noun,noun,0,0,0.29,0.12,0.36,1.41,0.97,0.54,1.21,1.18,1.59,1.4,0.45,1.19,0.9,1,1.01,1.03,0.54,0.85,16.03
hand-to-hand,co,adj,3,,,0,0,0.29,0.12,0.36,1.41,0.97,0.54,1.21,1.18,1.59,1.4,0.45,1.19,0.9,1,1.01,1.03,0.54,0.85,16.03
real-life,rh,adj,2,adj,noun,0,0,0,0,0,0,0.05,0.05,0,0,0,0.04,0.08,0.7,1.02,1.25,1.93,2.25,3.54,5.11,16.02
spell-bound,so,adj,2,noun,V-ed,0.85,1.59,2.25,2.93,1.46,1.35,1.4,1.03,1.21,0.77,0.44,0.51,0.08,0,0,0.04,0.04,0,0,0,15.95
high-pressure,rh,adj,2,adj,noun,0,0,0.29,0.31,0.36,0.35,0.27,0.44,0.24,0.27,0.09,0.62,3.09,1.44,1.87,1.21,1.51,1.5,1.07,0.98,15.93
fair-minded,rh,adj,2,adj,N-ed,0,0.43,0.73,1.56,2.49,2.17,2.8,2.22,0.92,0.68,0.57,0.82,0.2,0.04,0.12,0,0.08,0.04,0,0,15.87
high-quality,rh,adj,2,adj,noun,0,0,0,0,0,0,0,0,0,0,0.04,0.04,0.12,0.82,1.18,1.33,0.88,2.49,4.51,4.43,15.85
next-door,rh,adj,2,adj,noun,0,0,0.58,0.31,0.3,0.47,0.92,0.79,0.68,0.68,0.7,0.62,0.73,0.9,1.02,0.63,1.22,1.26,1.83,2.13,15.77
three-cornered,rh,adj,2,num,N-ed,0,0.29,1.02,1.87,1.21,0.76,0.65,1.03,0.97,1.4,0.97,1.33,1.3,0.78,0.69,0.75,0.17,0.28,0.18,0.1,15.75
old-age,rh,adj,2,adj,noun,0,0,0,0,0,0,0,0,0.1,1.54,0.62,0.43,5.89,2.14,2.04,1.21,0.84,0.43,0.32,0.17,15.72
wrought-iron,rh,adj,2,V-ed,noun,0,0,0.07,0.12,0.49,0.59,0.22,0.64,0.49,0.18,0.26,0.82,1.02,1.03,1.1,1.38,1.3,1.38,2.04,2.6,15.72
inner-city,rh,adj,2,adj,noun,0,0,0,0,0,0,0,0,0,0,0,0,0,0.25,0,0.58,2.18,3.59,5.15,3.89,15.65
blue-black,co,adj,2,adj,adj,0,0,0.07,0,0.18,0.18,1.02,0.2,0.63,1.09,1.06,0.9,1.38,1.07,1.34,1.42,1.3,1.15,1.43,1.18,15.6
life-size,rh,adj,2,noun,noun,0,0,0,0.06,0.24,0.23,0.97,1.23,0.68,0.5,0.48,0.51,0.89,0.9,1.26,1.08,1.13,1.5,2.08,1.69,15.46
income-tax,rh,adj,2,noun,noun,0,0,0,0.06,0,0.12,0.43,1.72,0.29,0.14,0.22,0.74,1.95,1.93,2.69,1.71,1.34,1.11,0.68,0.27,15.4
narrow-minded,rh,adj,2,adj,N-ed,0,0.72,0.94,1.18,1.03,1.41,1.35,1.08,1.21,0.91,0.7,1.01,0.33,0.33,0.33,0.46,0.63,0.83,0.54,0.41,15.4
point-blank,rh,adv,2,noun,adj,0,0,0.65,0.31,0.24,0.53,0.97,1.33,0.63,0.81,0.84,1.25,0.85,1.23,1.06,1,0.67,1.19,0.79,0.91,15.27
far-seeing,so,adj,2,adv,V-ing,0,0,0.36,0.69,1.64,1.93,1.08,1.72,1.46,1.45,1.41,0.78,0.77,0.66,0.41,0.38,0.17,0.12,0.11,0.14,15.26
low-lying,so,adj,2,adj,V-ing,0,0,0,0,0.18,0.82,0.54,0.89,1.02,0.86,1.5,1.25,1.14,0.78,1.22,1.08,0.71,0.75,1.11,1.25,15.1
foreign-born,so,adj,2,adj,V-ed,0,0,0,0.06,0.06,0.23,0.11,1.77,1.17,0.86,2.2,1.56,1.67,1.85,0.33,0.42,0.46,0.55,0.86,0.81,14.97
motion-picture,rh,adj,2,noun,noun,0,0,0,0,0,0,0,0,0,0,0.62,1.75,3.21,3.82,2.32,1.42,0.8,0.55,0.39,0.07,14.95
never-failing,rh,adj,2,adv,V-ing,1.69,1.01,1.23,1.25,1.27,1.29,1.08,1.08,1.17,1,0.84,0.9,0.33,0.16,0.37,0.08,0.08,0.08,0,0,14.91
heart-shaped,so,adj,2,noun,V-ed,0,0.14,0.15,1.87,0.36,0.41,0.32,0.25,0.15,1.18,0.09,0.39,0.61,1.15,0.98,1.25,1.47,0.75,1.54,1.83,14.88
matter-of-factly,rh,adv,3,,,0,0,0,0,0,0,0,0,0.05,0.09,0.26,0.39,0.45,1.56,2,2.17,2.02,1.7,2.25,1.93,14.86
stained-glass,rh,adj,2,V-ed,noun,0,0,0,0.06,0.24,0.06,0.32,0.2,0.97,0.68,0.75,0.74,0.49,0.86,1.18,1.88,0.88,1.9,1.79,1.86,14.86
dinner-time,rh,adj,2,noun,noun,0,0,0.44,1.12,2.06,1.99,1.89,2.22,1.99,0.77,0.97,0.55,0.24,0.29,0.08,0.04,0.04,0.08,0.07,0,14.84
labor-saving,so,adj,2,noun,V-ing,0,0.43,0.51,1.12,0.85,1.47,1.83,0.59,0.83,0.77,0.66,1.29,1.26,0.94,0.61,0.67,0.42,0.32,0.11,0.17,14.84
good-humoredly,rh,adj,2,adj,adv,0,0,0.22,0.31,1.46,1.88,1.62,1.53,1.36,0.63,1.32,1.56,0.61,0.74,0.29,0.38,0.34,0.32,0.25,0.03,14.82
pale-faced,rh,adj,2,adj,N-ed,0.85,0.29,0.87,1.31,0.85,1.06,1.62,1.38,1.5,1.13,0.48,0.58,0.61,0.21,0.45,0.25,0.42,0.36,0.39,0.2,14.81
little-known,so,adj,2,adj,V-ed,0,0,0,0.19,0,0.06,0.05,0.1,0.58,0.23,0.44,0.58,0.73,0.99,1.22,1.38,1.89,2.13,2.04,2.16,14.77
blue-collar,rh,adj,2,adj,noun,0,0,0,0,0,0,0,0,0,0,0,0,0,0.04,0.04,0.88,3.15,5.25,2.4,2.98,14.73
time-consuming,so,adj,2,noun,V-ing,0,0.14,0.07,0,0.06,0,0,0,0,0,0.09,0.51,0.28,0.7,1.1,2,1.55,1.98,3.33,2.91,14.72
late-night,rh,adj,2,adj,noun,0,0,0,0,0,0.06,0,0,0,0,0,0,0,0.08,0.12,0.29,1.47,2.33,4.33,6.02,14.71
law-enforcement,rh,adj,2,noun,noun,0,0,0,0,0,0,0,0,0.05,0.05,0.04,0.08,0.85,0.57,0.9,2.54,3.02,2.92,2.18,1.45,14.67
native-born,so,adj,2,adj,V-ing,0,0,0.51,0.62,0.91,1.23,0.59,0.69,0.83,0.54,0.75,1.4,0.89,0.9,0.65,0.96,0.63,0.83,0.89,0.74,14.58
many-colored,rh,adj,2,det,N-ed,0,0.14,0.94,2.06,1.82,1.99,1.29,1.03,0.63,0.77,0.75,0.74,0.45,0.49,0.29,0.33,0.29,0.28,0.11,0.1,14.51
out-of-town,rh,adj,3,,,0,0,0,0,0.06,0,0.27,0.3,0.29,0.32,0.84,1.21,1.71,1.52,1.63,1.38,1.3,1.58,0.97,1.15,14.51
double-breasted,so,adj,2,adj,V-ed,0,0,0.15,0.25,0.3,0.18,0.27,0.3,0.24,0.18,0.35,0.62,0.73,1.97,1.83,0.96,1.22,2.77,1,1.18,14.5
bald-headed,rh,adj,2,adj,N-ed,0,0.14,0.29,0.87,0.42,0.29,1.24,1.82,1.07,0.91,1.06,1.09,1.02,0.7,1.1,0.67,0.5,0.4,0.43,0.44,14.46
public-relations,rh,adj,2,adj,noun,0,0,0,0,0,0,0,0,0,0,0,0.04,0.98,0.94,2.08,3.38,2.56,2.33,1.25,0.88,14.44
latter-day,rh,adj,2,adj,noun,0,0,0.07,0.06,0.12,0.41,0.32,0.39,0.58,1.54,1.37,0.7,0.81,0.49,1.14,1.21,1.26,1.58,1.5,0.85,14.42
roll-call,so,noun,2,noun,v,0,0,0.29,0.31,0.12,1.17,0.75,1.38,0.97,0.81,0.93,1.01,1.91,1.07,1.14,1.63,0.38,0.32,0.18,0.03,14.4
pocket-handkerchief,rh,adj,2,noun,noun,0,0.58,1.67,2.37,2,1.11,1.51,0.94,3.5,0.18,0.18,0.16,0.04,0.08,0,0.04,0,0,0,0,14.35
full-blooded,rh,adj,2,adj,N-ed,1.69,0.14,1.16,0.62,0.67,1.23,0.48,0.84,1.26,0.86,0.84,0.9,0.53,0.37,0.65,0.54,0.25,0.43,0.21,0.61,14.3
dark-skinned,rh,adj,2,adj,N-ed,0,0.14,0.07,0.44,0.3,0.29,0.38,0.64,0.83,0.72,0.84,1.13,0.61,0.74,1.18,0.88,1.01,0.87,1.57,1.59,14.23
far-sighted,so,adj,2,adv,V-ed,0,0,0.65,0.69,1.46,1.23,0.65,1.48,0.92,1.04,1.45,1.21,0.77,0.57,0.41,0.5,0.34,0.43,0.36,0.07,14.23
cream-colored,rh,adj,2,noun,N-ed,0,0,0.22,0.12,0.42,0.35,0.27,0.39,0.29,0.14,0.66,0.62,0.81,1.52,1.34,1,0.97,1.38,1.4,2.27,14.18
table-spoonful,NA,noun,2,noun,noun,0,0,4.21,0,0,0.18,0.81,8.86,0,0,0,0.04,0,0,0,0,0.04,0.04,0,0,14.18
deep-rooted,rh,adj,2,adj,N-ed,0.85,0.58,1.31,0.37,0.36,0.35,0.54,0.74,0.44,0.77,0.88,0.78,0.93,0.94,0.69,1.38,0.29,0.91,0.32,0.64,14.08
high-class,rh,adj,2,adj,noun,0,0,0,0,0,0,0.22,0.34,0.68,1.58,1.85,1.44,1.46,1.15,1.18,0.92,1.05,0.63,0.72,0.81,14.04
heart-breaking,so,adj,2,noun,V-ing,1.69,0.72,0.65,0.06,0.3,0.59,1.4,1.38,1.36,1.49,0.88,1.17,0.77,0.74,0.16,0.21,0.17,0.04,0.14,0.07,14
two-fold,rh,adj,2,num,noun,0.85,0.72,1.23,1.81,2.67,0.94,0.32,0.44,0.63,0.59,0.66,0.35,0.53,0.57,0.53,0.42,0.17,0.16,0.32,0.07,13.98
clean-shaven,so,adj,2,adj,V-ed,0,0,0,0,0,0.06,0.43,0.79,1.02,1.18,2.07,1.17,0.77,0.62,0.9,0.79,0.92,1.03,1.04,1.15,13.93
awe-struck,so,adj,2,noun,V-ed,0.85,1.88,1.31,1.12,1.21,1.23,1.29,0.84,1.07,0.81,0.53,0.62,0.41,0.12,0.16,0.17,0.04,0.12,0,0.14,13.92
terror-stricken,so,adj,2,noun,V-ed,0,0.29,0.44,1.31,1.15,0.59,1.51,0.98,1.55,1.49,1.06,1.05,0.81,0.57,0.37,0.08,0.25,0.2,0.11,0.07,13.88
million-dollar,rh,adj,2,num,noun,0,0,0,0,0,0,0,0,0.05,0.54,0.48,1.09,1.06,1.27,1.59,0.96,1.22,1.9,1.22,2.44,13.81
half-hearted,rh,adj,2,adj,N-ed,0,0,0,0,0.06,0.06,0.38,1.03,1.12,1.76,1.23,1.52,1.38,0.9,0.65,1.13,0.76,0.63,0.64,0.54,13.8
low-fat,rh,adj,2,adj,noun,0,0,0,0,0,0,0,0,0,0,0,0,0,0.04,0,0.08,0.34,1.5,6.44,5.38,13.78
public-school,rh,adj,2,adj,noun,0,0,0,0.06,0.18,0.12,0.86,0.49,0.78,0.54,1.72,0.7,1.22,1.11,1.67,1.29,0.8,1.03,0.79,0.41,13.76
story-teller,rh,adj,2,noun,noun,0,0.29,0.73,0.44,0.85,0.53,1.02,2.12,3.16,1.67,1.28,0.51,0.2,0.29,0.08,0.08,0.34,0.04,0.14,0,13.76
ever-changing,so,adj,2,adv,V-ing,0,0.14,0.87,0.75,0.61,0.35,0.7,0.59,0.92,0.81,0.7,0.7,0.53,0.49,0.57,0.75,0.63,0.79,1.29,1.56,13.76
men-of-war,so,noun,3,,,0,0.29,0.8,1.06,0.42,1.29,0.75,0.84,2.52,1.49,0.84,0.82,0.41,0.49,1.02,0.17,0.17,0.08,0.11,0.1,13.67
all-purpose,rh,adj,2,det,noun,0,0,0,0,0,0,0,0,0,0,0,0.04,0,0.25,0.41,0.96,1.43,1.58,3.15,5.68,13.49
pick-up,rh,noun,2,v,adv,0,0,0,0,0,0,0,0,0.05,0,0.09,0.47,1.79,1.4,2.12,1.88,1.43,1.38,1.61,1.29,13.49
strong-minded,rh,adj,2,adj,N-ed,0,0.14,0.22,0.31,1.7,2.4,1.94,0.89,0.34,0.77,0.48,0.58,0.45,0.62,0.33,0.71,0.34,0.4,0.32,0.54,13.47
wrong-doing,so,adj,2,noun,V-ing,0,0,0.15,0.69,0.91,1.47,2.05,2.26,1.75,1.45,1.01,0.82,0.37,0.12,0.04,0.08,0.13,0,0,0.07,13.35
sky-blue,so,adj,2,noun,adj,0,0.43,0.8,0.93,1.21,1,0.65,0.49,0.44,0.5,0.26,1.01,0.57,0.57,0.81,0.58,0.46,0.79,1,0.68,13.2
prime-time,rh,adj,2,adj,noun,0,0,0,0,0,0,0,0,0,0,0,0,0,0,0,0.67,2.98,3.87,3.19,2.37,13.07
true-hearted,rh,adj,2,adj,N-ed,0,0.29,2.18,1.87,2.85,1.99,1.19,1.18,0.44,0.45,0.22,0.16,0.04,0.12,0,0,0,0.04,0.04,0,13.05
rear-guard,rh,adj,2,adj,noun,0,0.87,0.87,0.25,1.52,1.7,1.4,0.64,1.46,0.86,0.44,0.27,0.61,0.66,0.41,0.29,0.25,0.24,0.11,0.17,13.01
new-made,so,adj,2,adj,V-ed,0.85,0.43,1.23,1.25,1.58,1.58,1.29,1.03,0.83,0.59,0.75,0.31,0.2,0.16,0.29,0.08,0.17,0.2,0.07,0.1,13
free-lance,rh,verb,2,adj,noun,0,0,0,0,0,0,0,0.1,0.05,0.18,0.09,0.7,0.57,1.19,0.98,1.13,2.31,2.09,2.54,1.05,12.97
hip-hop,co,noun,2,noun,noun,0,0,0,0,0,0,0,0,0,0,0,0,0,0,0,0,0,0.12,3.61,9.2,12.93
school-girl,rh,adj,2,noun,noun,0,0,0.51,0.5,1.64,1.93,2.26,2.61,0.97,0.72,0.88,0.47,0.16,0.04,0.08,0.04,0,0,0.07,0,12.89
topsy-turvy,co,adj,2,adj,adj,0,0.14,0.73,1,0.24,0.94,0.59,0.59,0.53,1.31,1.06,1.17,0.77,0.86,0.53,0.46,0.5,0.51,0.29,0.61,12.84
fast-food,rh,adj,2,adj,noun,0,0,0,0,0,0,0,0,0,0,0,0,0,0,0,0,1.39,3.83,3.83,3.79,12.83
long-awaited,so,adj,2,adv,V-ed,0,0,0,0,0,0.12,0.05,0,0.05,0.14,0.35,0.51,0.89,1.31,0.94,1.71,1.55,2.05,1.72,1.29,12.68
long-established,so,adj,2,adj,V-ed,0,0,0.29,0.69,0.91,0.82,0.38,0.3,0.39,0.59,0.88,0.97,0.98,0.9,1.34,0.88,0.5,0.67,0.54,0.61,12.63
upper-class,rh,adj,2,adj,noun,0,0,0,0,0,0.06,0.16,0.15,0,0.27,0.35,0.27,0.69,1.11,1.63,2.04,2.14,1.62,0.86,1.25,12.61
second-floor,rh,adj,2,num,noun,0,0,0,0,0,0.12,0,0.05,0.1,0.09,0.09,0.27,0.73,0.82,1.3,1.13,1.39,2.29,2.08,2.1,12.55
aide-de-camp,so,noun,3,noun,noun,0,0.29,0.51,0.12,1.27,1.41,1.56,0.54,1.7,0.91,0.4,0.74,0.61,0.45,0.33,0.42,0.63,0.12,0.21,0.27,12.49
high-strung,so,adj,2,adj,V-ed,0,0.14,0,0.06,0.06,0.53,0.54,0.49,0.39,0.86,0.97,1.05,0.93,1.23,0.98,1,0.67,0.87,1,0.68,12.46
grass-roots,rh,adj,2,noun,noun,0,0,0,0,0,0,0,0,0,0.09,0,0.04,0.04,0.37,0.98,0.88,1.64,3.16,3.33,1.89,12.41
deep-sea,rh,adj,2,adj,noun,0,0,0,0,0.06,0.29,0.65,0.59,0.83,0.32,0.53,1.29,0.81,1.07,0.77,1.04,0.84,1.11,0.97,1.25,12.41
best-seller,rh,adj,2,adj,noun,0,0,0,0,0,0,0,0,0,0,0.13,0.27,1.02,1.72,1.3,0.79,0.8,1.34,2.68,2.33,12.4
new-fangled,so,adj,2,adj,V-ed,0,0.72,0.51,1,0.24,0.76,1.13,0.89,1.07,1.4,1.1,1.05,0.69,0.57,0.16,0.42,0.25,0.16,0.11,0.1,12.34
first-aid,rh,adj,2,num,noun,0,0,0,0,0,0,0,0,0,0.18,0.93,1.29,0.89,1.31,1.26,0.92,1.51,0.75,1.47,1.76,12.27
white-hot,NA,adj,2,adj,adj,0,0,0,0.06,0.12,0.18,0.27,0.54,0.34,0.86,0.66,0.7,1.14,1.03,1.18,1.29,0.59,0.99,0.97,1.35,12.27
quick-witted,rh,adj,2,adj,N-ed,0,0.14,0.44,1,0.3,0.64,1.13,1.18,1.55,1.18,0.88,0.62,0.61,0.49,0.33,0.42,0.25,0.4,0.29,0.37,12.22
high-rise,rh,adj,2,adj,noun,0,0,0,0,0,0,0,0,0,0,0,0,0,0.08,0.08,1.29,3.07,2.01,2.51,3.15,12.19
hard-core,rh,adj,2,adj,noun,0,0,0,0,0,0,0,0,0,0,0,0,0,0.08,0.16,3.09,2.6,0.95,2.79,2.5,12.18
major-league,rh,adj,2,adj,noun,0,0,0,0,0,0,0,0,0,0,0,0,1.83,1.03,1.55,1,0.88,1.11,2.86,1.86,12.12
vis-a-vis,co,noun,3,,,0,0,0.07,0.19,0.79,0.23,0.7,0.69,0.53,0.45,0.13,0.31,0.28,0.37,0.94,1.79,1.3,1.62,1.47,0.24,12.11
table-cloth,rh,adj,2,noun,noun,0,0.43,0.58,0.75,1.09,1.99,1.78,1.03,1.75,0.5,0.79,0.66,0.28,0.16,0,0.21,0.04,0,0.04,0,12.1
half-light,NA,noun,2,adj,noun,0,0,0.07,0,0.3,0.18,0.43,0.25,0.53,0.59,0.75,0.82,0.77,1.23,0.9,1.67,0.92,0.63,1.18,0.78,12
high-grade,rh,adj,2,adj,noun,0,0,0,0,0,0.06,0,0.2,0.34,0.72,0.7,1.99,1.83,2.22,1.26,0.79,0.46,0.55,0.5,0.37,12
ice-cold,so,adj,2,noun,adj,0,0.14,0.15,0.56,0.24,0.23,0.54,0.44,0.34,0.59,0.84,0.66,0.61,0.62,0.77,1.29,0.92,1.34,0.47,1.22,11.98
out-and-out,co,adj,3,prep,prep,0,0,0.15,0,0,0.47,0.48,0.54,0.78,1,1.1,0.94,1.06,0.86,1.26,0.92,0.46,0.71,0.57,0.54,11.84
trade-union,rh,adj,2,noun,noun,0,0,0,0,0,0,0,0.1,0.58,1.31,1.19,0.78,2.15,2.05,1.63,0.71,0.59,0.51,0.21,0,11.82
white-robed,rh,adj,2,adj,N-ed,0,0.58,0.44,0.81,1.27,1,0.97,1.43,0.97,0.81,0.31,0.51,0.37,0.53,0.16,0.25,0.46,0.4,0.25,0.3,11.82
time-worn,so,adj,2,noun,V-ed,0,0.43,1.89,1.5,1.34,0.76,1.24,0.34,0.68,0.68,0.97,0.31,0.41,0.33,0.24,0.13,0.08,0.32,0.11,0.07,11.82
oft-repeated,so,adj,2,adv,V-ed,0,0.14,1.09,0.87,0.91,0.88,0.97,1.08,0.78,0.72,0.75,0.94,0.45,0.49,0.37,0.29,0.25,0.36,0.18,0.27,11.79
high-water,rh,adj,2,adj,noun,0,0,0.36,0.44,0.36,1.11,0.54,0.74,0.87,1.36,1.01,0.97,0.69,0.45,0.73,0.33,0.46,0.36,0.57,0.37,11.75
far-fetched,so,adj,2,adv,V-ed,0,0.29,0.44,0.44,0.49,0.47,0.7,0.34,0.73,0.59,0.75,0.74,0.93,0.7,0.53,0.54,0.55,0.47,0.86,1.18,11.73
second-story,rh,adj,2,num,noun,0,0,0,0.37,0.18,0.29,0.54,0.59,0.63,0.54,0.75,0.86,0.77,1.03,0.53,0.5,0.92,0.87,1.15,1.18,11.71
half-smile,rh,adj,2,adj,noun,0,0,0,0.06,0.12,0.59,0.7,0.44,0.73,0.54,0.57,0.62,0.37,0.99,0.81,0.92,1.18,0.95,1.18,0.91,11.68
small-scale,rh,adj,2,adj,noun,0,0,0,0,0,0,0,0,0.05,0,0.35,0.23,0.33,0.86,1.22,1.21,1.51,2.33,1.72,1.86,11.67
laissez-faire,rh,adj,2,noun,noun,0,0,0,0,0.42,0.18,0.05,0.15,0.24,0.23,0.97,0.51,1.99,0.66,0.65,1.33,1.26,1.22,1.29,0.51,11.66
ill-tempered,rh,adj,2,adj,N-ed,0,0.14,0.36,0.37,0.61,0.59,1.02,1.38,0.87,0.86,0.53,0.62,0.53,0.37,0.65,0.38,0.76,0.43,0.64,0.47,11.6
high-risk,rh,adj,2,adj,noun,0,0,0,0,0,0,0,0,0,0,0,0,0,0,0.04,0.88,1.3,3.04,2.04,4.16,11.46
year-end,rh,adj,2,noun,noun,0,0,0,0,0,0,0,0,0,0.05,0.04,0.39,1.95,0.53,0.9,0.92,1.22,2.29,1.65,1.52,11.45
low-down,rh,adj,2,adj,prep,0,0,0,0,0,0.06,0.05,0.54,0.53,0.81,1.41,1.99,1.71,0.82,0.9,0.83,0.92,0.28,0.29,0.3,11.45
tax-exempt,rh,adj,2,noun,v,0,0,0,0,0,0,0,0,0,0,0,1.09,1.18,0.41,0.57,2.17,1.81,2.33,1.47,0.41,11.43
golden-haired,rh,adj,2,adj,N-ed,0,0,0.22,0.25,1.09,0.76,1.51,1.13,0.78,0.36,0.79,0.47,1.14,0.37,0.37,0.38,0.29,0.43,0.57,0.51,11.42
high-profile,rh,adj,2,adj,noun,0,0,0,0,0,0,0,0,0,0,0,0,0,0,0,0,0.08,0.59,4.04,6.7,11.42
ill-gotten,so,adj,2,adj,V-ed,0,0.14,0.73,1.18,1.7,1,0.97,0.94,0.73,1.04,0.35,0.35,0.12,0.21,0.12,0.38,0.34,0.47,0.25,0.41,11.42
half-finished,so,adj,2,adv,V-ed,0,0,0.29,0.75,0.42,0.53,0.75,0.89,0.58,0.95,0.62,0.35,0.61,0.7,0.69,0.5,0.5,0.4,0.97,0.88,11.38
dried-up,rh,adj,2,V-ed,prep,0,0,0.29,0.44,0.3,0.64,0.54,0.84,0.58,0.32,1.15,0.74,0.65,0.82,0.65,0.71,0.5,0.47,1.11,0.61,11.36
jack-knife,NA,noun,2,noun,noun,0,0.29,0.58,1.43,1.27,1.88,0.65,1.03,1.02,0.5,0.79,1.01,0.16,0.37,0.04,0.04,0.04,0.04,0.04,0,11.19
horror-stricken,so,adj,2,noun,V-ed,0,0.14,0.65,1.81,1.03,1.47,1.24,1.18,0.68,0.45,0.35,0.55,0.49,0.29,0,0.33,0.04,0.16,0.14,0,11.01
absent-mindedly,rh,adj,2,adj,adv,0,0,0,0,0,0.18,0,0.25,0.63,1,1.06,1.13,1.59,1.77,1.26,0.88,0.71,0.16,0.21,0.17,10.98
out-of-door,NA,adj,3,,,0,0,0.07,0.44,0.42,1.11,1.45,1.48,1.6,1.31,0.97,1.05,0.45,0.37,0.2,0,0,0,0,0.03,10.97
horse-drawn,so,adj,2,noun,V-ed,0,0,0,0,0,0.06,0.05,0,0.34,0.18,0.48,1.13,0.37,1.23,1.63,0.92,1.01,1.19,1.22,1.15,10.95
wide-ranging,so,adj,2,adj,V-ing,0,0,0,0,0.06,0,0,0.05,0.05,0.09,0.18,0,0.12,0.16,0.69,1.5,1.89,2.21,1.75,2.16,10.93
low-level,rh,adj,2,adj,noun,0,0,0,0,0,0,0,0,0.05,0.05,0,0.04,0.16,0.41,0.24,1.13,1.47,2.84,2.22,2.3,10.91
ever-growing,rh,adj,2,adv,V-ing,0,0,0.29,0.44,0.3,0.29,0.54,0.59,0.92,0.59,1.15,0.74,0.45,0.62,0.9,0.5,0.71,0.47,0.72,0.68,10.89
coal-black,so,adj,2,noun,adj,0,0,0.65,1.12,0.73,0.76,0.54,0.39,0.83,1.09,0.57,0.66,0.61,0.53,0.45,0.38,0.34,0.63,0.39,0.17,10.84
tight-lipped,so,adj,2,adj,V-ed,0,0,0,0,0,0,0,0,0,0,0.18,0.78,1.1,1.44,1.34,1.25,1.09,1.5,1.25,0.85,10.78
simple-hearted,rh,adj,2,adj,N-ed,0,0,0.8,0.93,1.58,1.99,1.67,1.18,0.87,0.5,0.4,0.39,0.16,0.12,0.04,0,0.04,0,0.04,0.03,10.75
third-party,rh,adj,2,num,noun,0,0,0,0,0,0,0,0.1,0.39,0.05,0.04,0.27,0.73,0.45,0.57,1.21,1.34,0.67,2.51,2.4,10.73
close-fitting,so,adj,2,adj,V-ing,0,0,0,0.75,0.67,0.59,0.48,0.89,1.17,0.68,0.7,0.97,0.65,0.99,0.41,0.25,0.5,0.16,0.36,0.51,10.72
open-minded,rh,adj,2,adj,N-ed,0,0,0.07,0,0,0.23,0.16,0.15,0.49,1,0.88,0.9,0.61,0.53,0.65,0.58,0.84,0.83,1.29,1.49,10.7
bread-and-butter,co,adj,3,noun,noun,0,0,0.22,0,0.12,0.7,0.97,0.54,0.49,1,0.97,0.7,0.45,0.49,0.65,0.79,0.97,0.91,0.39,0.34,10.7
ill-fitting,so,adj,2,adj,V-ing,0,0,0,0.12,0.18,0.18,0.43,0.74,0.15,0.72,0.97,0.74,0.61,0.74,0.53,0.33,0.92,1.11,0.97,1.25,10.69
hard-won,so,adj,2,adv,V-ed,0,0,0.07,0.12,0.06,0.29,0.65,0.49,0.63,0.36,0.57,0.39,0.45,0.99,0.77,0.67,0.76,1.07,1.25,1.08,10.68
many-sided,rh,adj,2,adj,N-ed,0,0,0,0.37,0.42,0.94,1.19,0.84,0.87,1,1.23,0.74,0.61,0.62,0.45,0.33,0.5,0.24,0.07,0.2,10.63
peace-loving,so,adj,2,noun,V-ing,0,0,0.15,0.31,0.12,0.35,0.27,0.3,0.44,0.36,0.7,1.01,0.85,2.05,1.34,1.17,0.34,0.36,0.21,0.24,10.57
civil-service,rh,adj,2,adj,noun,0,0,0,0,0,0.23,1.51,1.13,0.83,2.08,0.7,0.19,1.02,0.45,0.61,0.58,0.38,0.47,0.18,0.17,10.54
four-footed,rh,adj,2,num,N-ed,0,1.01,0.22,0.69,0.61,0.64,0.75,0.54,0.87,0.72,0.97,0.66,0.12,0.29,0.81,0.71,0.17,0.43,0.11,0.2,10.54
wide-spreading,so,adj,2,adj,V-ing,1.69,0.29,0.94,1.37,0.85,0.64,0.97,0.84,0.73,0.72,0.26,0.62,0.04,0.25,0.12,0.08,0,0.04,0.07,0,10.54
clear-headed,rh,adj,2,adj,N-ed,0,0.14,0.44,0.75,0.79,0.64,1.13,0.94,0.97,1.13,0.75,0.78,0.61,0.16,0.24,0.17,0.17,0.16,0.36,0.17,10.5
tear-stained,so,adj,2,noun,V-ed,0,0,0,0.06,0.12,0.64,0.81,1.43,1.12,1.22,1.28,0.74,0.53,0.45,0.57,0.25,0.38,0.2,0.32,0.34,10.46
long-ago,rh,adj,2,adj,adv,0,0,0,0.12,0.18,0.06,0.22,0.15,0.34,0.09,0.22,0.47,0.16,0.62,0.57,1,0.97,1.07,1.93,2.27,10.43
low-key,rh,adj,2,adj,noun,0,0,0,0,0,0,0,0,0,0,0,0.04,0.04,0,0.12,0.42,1.81,2.33,2.18,3.48,10.42
record-breaking,so,adj,2,noun,V-ing,0,0,0,0,0,0,0,0.05,0.34,0.27,0.53,1.29,1.22,1.36,1.34,0.83,0.63,0.67,0.75,1.12,10.4
leave-taking,so,noun,2,noun,V-ing,0,0.14,0.36,0.87,0.85,0.76,0.75,0.79,0.83,1.36,0.88,0.47,0.45,0.33,0.24,0.38,0.25,0.43,0.07,0.17,10.39
to-do,so,noun,2,adv,v,0,0.29,0.22,0,0.3,0.18,0.27,0.3,0.15,0.18,0.44,0.97,0.85,0.94,0.61,0.17,0.55,1.07,0.57,2.3,10.35
wide-brimmed,so,adj,2,adj,V-ed,0,0,0,0.12,0.06,0.29,0.16,0.44,0.29,0.72,0.62,0.62,0.53,0.7,0.53,0.88,0.55,1.22,1.22,1.39,10.34
fast-moving,so,adj,2,adv,V-ing,0,0,0,0,0.06,0,0.05,0.05,0.05,0,0.18,0.08,0.49,1.03,1.18,1.21,1.3,1.11,1.32,2.23,10.34
low-grade,rh,adj,2,adj,noun,0,0,0,0,0,0,0.05,0.2,0.1,0.54,0.62,0.97,0.93,1.72,0.9,0.75,0.67,0.75,1,1.12,10.33
fact-finding,so,adj,2,noun,V-ing,0,0,0,0,0,0,0,0,0,0,0,0.35,0.41,3.49,1.96,1.54,1.13,0.55,0.25,0.64,10.33
ill-defined,so,adj,2,adj,V-ed,0,0,1.09,0.56,0.49,0.64,0.38,0.89,0.83,0.68,0.35,0.47,0.53,0.16,0.37,0.67,0.71,0.71,0.5,0.3,10.32
nice-looking,so,adj,2,adj,V-ing,0,0,0,0.19,0.24,0.35,0.38,0.39,0.29,0.23,0.62,0.62,0.98,0.9,1.14,0.88,0.92,0.63,0.64,0.91,10.32
old-world,rh,adj,2,adj,noun,0,0,0,0.25,0.18,0.59,0.65,1.38,0.83,1.36,1.06,0.74,0.33,0.25,0.57,0.63,0.29,0.16,0.36,0.71,10.31
round-trip,rh,adj,2,adj,noun,0,0,0,0,0,0,0,0,0,0.09,0.04,0.16,1.14,0.57,1.02,1.08,1.26,1.46,1.83,1.66,10.31
fifty-fifty,co,adv,2,num,num,0,0,0,0,0,0,0,0,0.05,0.05,0.66,1.64,1.06,1.15,1.59,0.96,1.22,0.71,0.54,0.68,10.29
middle-income,rh,adj,2,adj,noun,0,0,0,0,0,0,0,0,0,0,0,0,0,0.25,1.63,2.71,2.48,0.99,0.97,1.25,10.27
fast-growing,so,adj,2,adv,V-ing,0,0,0.07,0,0.06,0.18,0.11,0.1,0.1,0.09,0.4,0.23,0.24,0.25,1.1,1,0.92,1.38,2.18,1.86,10.27
clear-eyed,rh,adj,2,adj,N-ed,0,0.14,0,0,0.12,0.53,0.38,0.3,0.53,1.18,1.45,1.13,0.49,0.53,0.41,0.38,0.55,0.99,0.75,0.41,10.26
near-sighted,so,adj,2,adv,V-ed,0,0.29,0.51,0.31,0.3,0.53,1.4,0.69,1.21,0.86,1.01,0.94,0.69,0.49,0.37,0.17,0.17,0.16,0.04,0.1,10.23
rosy-cheeked,rh,adj,2,noun,N-ed,0.85,0.72,0.58,0.75,1.46,0.53,1.08,0.54,0.83,0.5,0.35,0.27,0.28,0.25,0.29,0.29,0.08,0.2,0.14,0.24,10.22
first-time,rh,adj,2,num,noun,0,0,0,0,0,0,0,0,0,0,0.09,0,0,0.04,0.08,0.25,0.76,1.9,3.04,4.06,10.21
long-winded,so,adj,2,adj,V-ed,0,0.29,0.44,0.12,0.55,0.7,0.59,0.3,0.53,0.45,0.62,0.62,0.61,0.7,1.1,0.42,0.84,0.43,0.29,0.61,10.21
two-party,rh,adj,2,num,noun,0,0,0,0,0,0,0,0,0,0.05,1.01,0.39,0.61,1.48,1.75,2.67,1.13,0.55,0.32,0.24,10.2
long-handled,so,adj,2,adj,V-ed,0,0,0.07,0,0.42,0.35,0.48,0.84,0.44,0.54,0.62,0.74,0.69,0.78,0.69,0.92,0.46,0.43,0.72,0.98,10.18
tongue-tied,so,adj,2,noun,V-ed,0,0.14,0.22,0.19,0.18,0.23,0.32,0.25,0.49,0.63,1.06,0.7,0.89,0.78,0.73,0.79,0.8,0.63,0.54,0.57,10.15
front-line,rh,adj,2,noun,noun,0,0,0,0,0,0,0,0,0,0,1.19,0.27,0.98,1.77,1.18,0.54,1.3,1.15,0.79,0.95,10.11
off-season,rh,adj,2,prep,noun,0,0,0,0,0,0,0,0,0.05,0,0.04,0.08,0.2,0.12,0.81,0.67,1.68,1.22,2.47,2.71,10.06
modern-day,rh,adj,2,adj,noun,0,0,0,0,0,0,0,0,0,0.05,0,0,0.12,0.16,0.29,0.58,0.8,1.3,2.68,4.06,10.04
moss-grown,so,adj,2,noun,V-ed,0,0.58,1.02,1.74,0.91,0.29,0.97,0.84,1.21,1.04,0.35,0.43,0.12,0.04,0.08,0.21,0.04,0.16,0,0,10.04
major-general,so,noun,2,noun,adj,0,0.29,0.94,0.37,0.12,0.88,1.24,1.38,1.21,1.49,0.88,0.27,0.16,0.16,0.29,0,0.13,0.12,0.04,0.03,10.01
state-owned,so,adj,2,noun,V-ed,0,0,0,0,0,0,0,0,0,0,0.35,0.08,0.12,0.37,0.81,1.54,1.13,2.13,2.11,1.35,10.01
horn-rimmed,so,adj,2,noun,V-ed,0,0,0,0,0,0,0,0,0,0,0.26,0.94,0.98,1.36,1.75,1.38,1.01,1.11,0.57,0.64,9.99
heavy-set,rh,adj,2,adj,noun,0,0,0,0,0,0,0.05,0.1,0.05,0.18,0.53,1.13,0.89,2.59,1.3,1.29,0.8,0.51,0.43,0.1,9.96
blue-white,co,adj,2,adj,adj,0,0,0.07,0,0,0.06,0.11,0,0.24,0.27,0.22,0.66,1.22,0.86,2.04,0.5,0.67,0.91,1.04,1.08,9.96
blue-white,co,adj,2,adj,adj,0,0,0.07,0,0,0.06,0.11,0,0.24,0.27,0.22,0.66,1.22,0.86,2.04,0.5,0.67,0.91,1.04,1.08,9.96
red-brick,rh,adj,2,adj,noun,0,0,0.07,0,0.06,0.06,0.11,0.15,0.53,0.32,0.57,0.94,1.34,1.36,0.57,0.67,0.67,0.51,1.15,0.88,9.95
all-embracing,so,adj,2,det,V-ing,0,0.14,0.15,0.37,0.79,0.64,0.48,0.59,0.39,0.91,0.79,0.58,0.57,0.66,0.41,0.63,0.8,0.43,0.39,0.2,9.93
tree-lined,so,adj,2,noun,V-ed,0,0,0,0,0,0,0.27,0,0.15,0.14,0.22,0.23,0.37,0.99,0.73,0.75,0.88,1.42,1.47,2.3,9.91
home-coming,so,noun,2,noun,V-ing,0,0,0,0,0.06,0.59,0.22,1.18,1.02,2.35,1.63,1.56,0.33,0.25,0.41,0.25,0,0.04,0.04,0,9.91
straight-backed,so,adj,2,adv,V-ed,0,0,0,0.06,0.3,0.41,0.16,0.49,0.24,0.5,0.53,0.31,0.61,0.78,1.1,0.83,1.55,0.91,0.5,0.54,9.84
full-size,rh,adj,2,adj,noun,0,0.14,0,0,0,0,0.05,0.05,0,0.05,0.04,0.19,0.45,0.53,0.45,0.54,0.63,1.42,2.58,2.64,9.77
teen-ager,rh,adj,2,num,noun,0,0,0,0,0,0,0,0,0,0,0,0,0.04,0.21,1.79,2.04,1.89,2.13,1.36,0.3,9.77
wind-swept,so,adj,2,noun,V-ed,0,0.14,0.22,0.06,0.42,0.12,0.22,0.59,0.83,1.04,1.01,1.44,1.02,0.7,0.33,0.38,0.34,0.28,0.29,0.34,9.75
low-priced,rh,adj,2,adj,N-ed,0,0.14,0,0.12,0.12,0.12,0.38,0.25,0.1,0.5,0.44,0.66,0.89,1.4,0.98,0.75,0.63,1.19,0.57,0.47,9.71
half-formed,so,adj,2,adv,V-ed,0,0.43,0.8,0.5,1.03,0.59,0.97,0.54,0.44,1.04,0.4,0.27,0.45,0.49,0.2,0.42,0.25,0.43,0.18,0.2,9.64
close-cropped,so,adj,2,adj,V-ed,0,0,0,0,0,0.18,0.32,0.34,0.29,0.5,1.01,0.51,0.65,0.86,0.65,0.67,0.84,0.87,0.86,1.01,9.57
cross-roads,rh,adj,2,prep,noun,0,0,0.58,0.12,0.36,0.88,1.35,0.89,1.7,1,0.57,0.86,0.53,0.49,0,0.04,0.04,0.04,0.07,0,9.52
world-famous,so,adj,2,noun,adj,0,0,0,0.12,0.06,0.29,0.32,0.2,0.34,0.36,0.44,0.23,0.33,0.9,0.98,0.67,1.01,0.75,1.4,1.08,9.49
fastest-growing,so,adj,2,adv,V-ing,0,0,0,0,0,0,0,0,0,0,0,0,0.08,0.16,0.49,1,0.92,1.74,2.58,2.5,9.48
sing-song,rh,adj,2,v,noun,0,0.29,0.07,0.19,0.36,0.41,0.43,0.3,0.44,0.59,0.88,2.03,1.02,0.62,0.24,0.54,0.29,0.2,0.32,0.24,9.45
state-of-the-art,rh,adj,4,,,0,0,0,0,0,0,0,0,0,0,0,0,0,0,0,0,0.04,1.98,3.76,3.65,9.43
air-raid,rh,adj,2,noun,noun,0,0,0,0,0,0,0,0,0,0,0.04,0.19,0.89,4.56,1.22,1.04,0.46,0.28,0.36,0.37,9.43
long-forgotten,so,adj,2,adj,V-ed,0,0.29,0.58,0.81,0.79,0.47,0.54,0.54,0.49,0.18,0.48,0.55,0.45,0.49,0.12,0.38,0.21,0.79,0.68,0.57,9.41
light-headed,rh,adj,2,noun,N-ed,0,0,0.29,0.19,0.49,0.35,0.7,0.25,0.34,0.86,0.31,0.16,0.73,0.37,0.2,0.33,0.76,0.71,0.89,1.45,9.38
hide-and-seek,co,noun,3,v,v,0,0,0.07,0.44,0.3,0.35,0.54,0.59,0.58,0.72,0.48,0.62,0.33,0.41,0.45,0.33,0.71,0.47,0.86,1.08,9.36
half-witted,rh,adj,2,adj,N-ed,0,0,0.51,0.5,1.52,0.23,0.54,0.39,0.15,0.59,1.23,0.51,0.98,0.86,0.33,0.21,0.21,0.2,0.18,0.03,9.16
hard-line,rh,adj,2,adj,noun,0,0,0,0,0,0,0,0,0,0,0,0,0,0,0,0.75,2.35,2.84,1.54,1.62,9.11
day-care,rh,adj,2,noun,noun,0,0,0,0,0,0,0,0,0,0,0,0,0,0,0.12,0.38,2.1,2.88,1.97,1.66,9.11
world-class,rh,adj,2,noun,noun,0,0,0,0,0,0,0,0,0,0,0,0,0,0.04,0,0,0.21,1.98,2.9,3.92,9.05
blue-and-white,co,adj,3,adj,adj,0,0,0.07,0,0.06,0.06,0.16,0.15,0.24,0.41,0.79,0.35,0.57,0.45,0.45,0.46,0.97,1.15,1.29,1.42,9.04
medium-high,co,adj,2,adj,adj,0,0,0,0,0,0,0,0,0,0,0,0,0,0,0,0.08,0.04,0.12,1.97,6.8,9.01
custom-made,so,adj,2,noun,V-ed,0,0,0,0.06,0,0,0,0.1,0.19,0.09,0.09,0.16,0.28,1.07,0.77,0.63,0.59,1.3,1.36,2.3,8.99
snow-capped,so,adj,2,noun,V-ed,0,0.14,0.07,0.5,0.36,0.41,0.54,0.34,0.73,1,0.48,0.82,0.45,0.29,0.61,0.42,0.34,0.63,0.29,0.57,8.99
one-party,rh,adj,2,num,noun,0,0,0,0,0,0,0,0,0,0,0,0.04,0.41,0.82,1.47,2.29,1.51,1.19,0.75,0.51,8.98
rough-and-tumble,co,adj,3,adj,adj,0,0,0.51,0.06,0.18,0.47,0.32,0.59,0.29,0.36,0.57,1.36,0.53,0.33,0.45,0.58,0.5,0.43,0.72,0.71,8.98
over-the-counter,rh,adj,3,prep,noun,0,0,0,0,0,0,0,0,0,0.05,0,0.04,0.93,0.25,0.37,0.71,0.5,2.25,1.61,2.27,8.97
bare-headed,rh,adj,2,adj,N-ed,0,0.29,0.87,0.25,0.79,1.11,0.92,0.59,1.07,0.54,0.48,0.62,0.41,0.29,0.08,0.38,0.13,0.12,0.04,0,8.97
happy-go-lucky,co,adj,3,adj,adj,0,0,0,0,0.06,0.23,0.27,0.44,0.58,1.13,1.28,1.01,0.49,0.74,0.77,0.58,0.55,0.08,0.25,0.47,8.95
lend-lease,co,noun,2,v,v,0,0,0,0,0,0,0,0,0,0,0,0,0,7.8,0.57,0.13,0.29,0.12,0,0.03,8.95
whole-souled,rh,adj,2,adj,N-ed,0,0.29,2.25,0.75,1.09,0.76,0.54,0.3,0.53,1.04,0.48,0.39,0.08,0.08,0.2,0,0.04,0,0,0,8.83
off-duty,rh,adj,2,prep,noun,0,0,0,0,0,0,0,0.05,0,0.05,0,0.12,0.08,0.37,0.81,1.58,2.31,0.95,0.97,1.52,8.81
long-lived,so,adj,2,adv,V-ed,0,0,0.29,0.62,0.36,0.47,0.43,0.3,0.44,0.27,0.13,0.23,0.57,0.49,0.33,0.42,0.59,0.95,1.25,0.64,8.78
hour-long,rh,adj,2,noun,adj,0,0,0,0,0,0.06,0.05,0,0,0.09,0.04,0.04,0.08,0.45,1.26,1.38,1.3,1.5,1.15,1.35,8.76
runner-up,rh,noun,2,noun,prep,0,0,0,0,0,0,0,0,0,0,0,0.35,1.14,0.33,1.22,0.96,1.18,0.83,0.75,1.96,8.72
forward-looking,so,adj,2,adv,V-ing,0,0,0,0.06,0,0,0.11,0,0,0.05,0.44,1.09,1.14,1.03,0.94,1.33,0.59,0.87,0.54,0.54,8.72
mild-mannered,rh,adj,2,adj,N-ed,0,0,0,0,0,0.12,0.11,0.34,0.19,0.45,0.13,0.51,0.45,1.07,0.61,0.63,1.3,1.15,0.75,0.88,8.68
behind-the-scenes,rh,adj,3,,,0,0,0,0,0,0,0,0,0.05,0,0.04,0.08,0.33,0.37,0.98,1,0.92,1.42,1.79,1.69,8.67
top-level,rh,adj,2,adj,noun,0,0,0,0,0,0,0,0,0,0,0,0,0,0.41,2.61,1.46,1.68,0.99,0.5,1.01,8.66
top-level,rh,adj,2,adj,noun,0,0,0,0,0,0,0,0,0,0,0,0,0,0.41,2.61,1.46,1.68,0.99,0.5,1.01,8.66
willy-nilly,co,adv,2,adv,adv,0,0,0,0,0.06,0.06,0.05,0.05,0.34,0.68,0.4,1.05,0.69,0.99,0.81,1.29,0.59,0.55,0.54,0.51,8.66
all-white,so,adj,2,det,adj,0,0,0,0,0,0,0,0,0,0.05,0,0.16,0.04,0.29,1.51,1.88,1.26,1.15,1.18,1.15,8.65
sandy-haired,rh,adj,2,adj,N-ed,0,0,0,0,0.49,0.18,0.38,0,0.29,0.18,0.75,0.35,0.69,0.62,1.22,0.92,0.88,0.59,0.54,0.57,8.64
in-house,rh,adj,2,prep,noun,0,0,0,0,0,0,0,0,0,0,0,0,0,0.08,0,0.08,1.13,2.21,2.33,2.77,8.61
high-ceilinged,rh,adj,2,adj,N-ed,0,0,0,0,0,0,0,0,0,0.14,0.31,0.27,0.73,0.78,0.86,0.71,1.43,1.26,0.97,1.08,8.53
ill-bred,so,adj,2,adj,V-ed,0,0.58,0.44,0.37,0.91,0.7,1.4,0.84,0.78,0.32,0.57,0.51,0.33,0.29,0.08,0.04,0.13,0.08,0.04,0.14,8.52
fine-grained,so,adj,2,adj,V-ed,0,0,0.15,1.37,2.25,0.06,0.11,0.2,0.29,0.5,0.13,1.21,0.28,0.25,0.24,0.17,0.21,0.24,0.54,0.34,8.52
free-market,rh,adj,2,adj,noun,0,0,0,0,0,0,0,0,0,0,0,0,0,0.12,0.04,0.33,0.8,2.21,3.29,1.69,8.49
out-of-state,rh,adj,3,prep,noun,0,0,0,0,0,0,0,0,0,0,0,0,0.08,0.25,1.34,1.29,0.92,1.11,1.68,1.79,8.47
foreign-policy,rh,adj,2,adj,noun,0,0,0,0,0,0,0,0,0,0,0,0,0.08,0.62,1.26,1.25,1.51,1.54,1.4,0.78,8.44
stock-still,rh,adj,2,noun,adj,0,0.43,0.22,0.75,0.12,0.35,0.11,0.34,0.29,0.54,1.15,0.66,0.89,0.41,0.16,0.42,0.13,0.32,0.64,0.44,8.38
sweet-scented,rh,adj,2,adj,N-ed,0,0.29,0.51,1.37,1.03,0.59,0.59,0.34,0.87,1.18,0.26,0.35,0.2,0.25,0.12,0.04,0.04,0.12,0.07,0.14,8.37
like-minded,rh,adj,2,prep,N-ed,0,0,0.07,0.06,0.24,0.12,0.38,0.1,0.15,0.05,0.09,0.47,0.33,0.41,0.49,0.71,0.55,1.07,1.5,1.59,8.36
life-threatening,so,adj,2,noun,V-ing,0,0,0,0,0,0,0.05,0,0,0,0,0,0,0,0.04,0.13,0.29,1.26,2.86,3.69,8.33
on-site,rh,adj,2,prep,noun,0,0,0,0,0,0,0,0,0,0,0,0,0,0,0.08,0.92,0.67,0.95,2.43,3.25,8.3
do-it-yourself,rh,adj,3,v,pron,0,0,0,0,0,0,0,0,0,0,0,0,0,0,1.1,1.58,1.26,1.11,1.25,2,8.3
space-time,rh,adj,2,noun,noun,0,0,0,0,0,0,0,0,0,0.05,0,0.16,0.41,1.11,0.69,0.88,1.09,0.83,1.29,1.79,8.29
high-end,rh,adj,2,noun,noun,0,0,0,0,0,0,0,0,0,0,0,0,0,0,0,0,0,0.2,2.43,5.61,8.25
open-ended,so,adj,2,adj,V-ed,0,0,0,0,0,0,0,0,0,0,0,0,0,0.04,0.12,1.67,1.3,1.03,1.83,2.27,8.25
top-notch,rh,adj,2,noun,noun,0,0,0,0,0.18,0,0,0.05,0.05,0.09,0.31,0.04,1.34,1.15,0.61,0.42,0.46,0.43,1.15,1.96,8.24
one-piece,rh,adj,2,num,noun,0,0,0,0,0,0,0,0,0.15,0.27,0.26,0.7,0.85,0.41,0.69,0.58,0.84,0.47,2,0.98,8.22
big-league,rh,adj,2,adj,noun,0,0,0,0,0,0,0,0,0,0,0,0,0.65,1.48,1.55,1.17,0.92,0.63,0.68,1.12,8.2
raw-boned,rh,adj,2,adj,N-ed,0,0.58,0.58,0.31,0.67,0.35,0.65,0.15,0.68,0.68,0.93,0.9,0.33,0.25,0.24,0.13,0.29,0.36,0.07,0.07,8.19
cut-rate,rh,adj,2,noun,noun,0,0,0,0,0,0.06,0,0,0,0.18,0.04,0.27,0.24,0.9,1.18,1.17,1.13,1.3,0.86,0.81,8.16
small-time,rh,adj,2,adj,noun,0,0,0,0,0,0,0,0,0,0,0,0.08,0.24,1.07,0.77,0.75,1.81,1.42,0.79,1.22,8.15
life-style,rh,adj,2,noun,noun,0,0,0,0,0,0,0,0,0,0,0,0,0,0,0,0.13,2.81,3.36,1.65,0.2,8.15
rank-and-file,co,adj,3,,,0,0,0,0,0.06,0,0,0,0.05,0.05,0,0.04,0.28,0.74,1.55,1,1.22,1.34,0.64,1.15,8.12
all-star,rh,adj,2,det,noun,0,0,0,0,0,0,0,0,0,0.05,0.35,0.23,0.73,0.53,0.33,0.67,0.92,0.91,1.29,2.1,8.11
problem-solving,so,noun,2,noun,V-ing,0,0,0,0,0,0,0,0,0,0,0,0.27,0,0.08,0.16,0.79,1.43,1.62,1.83,1.93,8.11
first-round,rh,adj,2,num,noun,0,0,0,0,0,0,0,0,0,0,0,0,0.04,0.08,0.24,0.29,0.5,1.42,2.29,3.21,8.09
machine-guns,rh,adj,2,noun,noun,0,0,0,0,0,0,0,0,0.1,0.05,2.55,1.13,1.87,0.99,0.2,0.17,0.59,0.04,0.18,0.2,8.06
in-depth,rh,adj,2,prep,noun,0,0,0,0,0,0,0,0,0,0,0,0,0,0.04,0,0.33,0.92,1.78,1.75,3.21,8.04
short-range,rh,adj,2,adj,noun,0,0,0,0,0,0,0.05,0,0,0,0.04,0.19,0.12,0.82,1.39,1.54,0.92,1.38,0.75,0.74,7.97
short-range,rh,adj,2,adj,noun,0,0,0,0,0,0,0.05,0,0,0,0.04,0.19,0.12,0.82,1.39,1.54,0.92,1.38,0.75,0.74,7.97
life-saving,so,adj,2,noun,V-ing,0,0,0,0,0,0.12,0.16,0.84,0.68,0.5,1.01,0.66,0.37,0.29,0.37,0.5,0.38,0.4,0.82,0.85,7.93
stiff-necked,rh,adj,2,adj,N-ed,0.85,0.29,0.29,0.25,0.24,0.41,0.27,0.34,0.49,0.41,0.48,0.55,0.49,0.57,0.45,0.42,0.21,0.63,0.14,0.1,7.88
flat-topped,rh,adj,2,adj,N-ed,0,0,0,0.06,0.06,0.18,0.11,0.1,0.34,0.54,1.19,0.9,1.02,0.74,0.65,0.13,0.38,0.51,0.39,0.47,7.76
free-for-all,NA,noun,3,,,0,0,0,0,0,0,0,0,0,0.14,0.18,0.58,1.26,0.7,1.39,0.58,0.59,0.83,0.86,0.64,7.74
epoch-making,so,adj,2,noun,V-ing,0,0,0,0,0,0,0.22,0.44,0.63,1.49,1.41,1.13,0.77,0.66,0.49,0.17,0.08,0.08,0.07,0.1,7.74
long-tailed,rh,adj,2,adj,N-ed,0,0,0.8,0.31,0.79,0.7,0.54,0.25,0.68,0.54,0.31,0.7,0.41,0.25,0.24,0,0.29,0.2,0.54,0.17,7.72
last-ditch,rh,adj,2,adj,noun,0,0,0,0,0,0,0.05,0,0,0.05,0,0.08,0.24,1.31,1.22,1.38,1.01,0.95,0.61,0.81,7.71
good-tempered,rh,adj,2,adj,N-ed,0,0.14,0.36,0.25,0.49,0.41,0.92,0.94,0.87,0.81,0.57,0.43,0.24,0.29,0.16,0.25,0.25,0.24,0.04,0.03,7.7
hit-and-run,co,adj,3,,,0,0,0,0,0,0,0,0,0,0,0.4,0,0.65,0.41,0.73,1,0.71,1.38,0.79,1.56,7.63
attorney-general,so,noun,2,noun,adj,0,0.58,1.09,1.12,0.49,0.06,0.75,0.74,0.63,0.63,0.4,0.16,0.49,0.16,0.04,0.04,0.04,0.2,0,0,7.62
high-energy,rh,adj,2,adj,noun,0,0,0,0,0,0,0,0,0,0,0,0,0.08,0.29,0.2,1.13,0.34,1.19,2.22,2.1,7.54
dead-end,rh,adj,2,adj,noun,0,0,0,0,0,0,0,0,0,0,0,0.08,0.2,0.41,0.86,0.96,0.88,0.95,1.57,1.62,7.53
mean-spirited,rh,adj,2,noun,N-ed,0.85,0.29,0.29,0.44,0.24,0.35,0.22,0.39,0.29,0.09,0.09,0.08,0.16,0.21,0.12,0.21,0.17,0.71,1.25,1.05,7.49
hurly-burly,co,noun,2,noun,noun,0,0.14,0.51,0.19,0.24,0.35,0.65,0.79,0.53,0.36,0.35,0.51,0.45,0.49,0.45,0.67,0.08,0.32,0.14,0.24,7.46
sure-footed,rh,adj,2,adj,N-ed,0,0.58,0.44,0.19,0.24,0.41,0.27,0.34,0.53,0.27,0.53,0.51,0.41,0.41,0.61,0.29,0.34,0.32,0.43,0.34,7.45
award-winning,so,adj,2,noun,V-ing,0,0,0,0,0,0,0,0,0,0,0,0,0,0,0.08,0.38,0.59,0.75,2.51,3.15,7.45
single-family,rh,adj,2,adj,noun,0,0,0,0,0,0,0,0,0,0,0,0,0.12,0.33,0.24,0.5,0.25,1.78,2.11,2.1,7.43
two-handed,rh,adj,2,num,N-ed,0,0,0.29,0.75,1.15,0.23,0.32,0.15,0.39,0.32,0.18,0.27,0.33,0.37,0.41,0.13,0.5,0.63,0.36,0.64,7.41
stay-at-home,rh,adj,3,,,0,0,0,0,0,0.18,0.22,0.2,0.29,0.09,0.35,0.7,0.2,0.29,0.37,0.33,0.21,0.28,0.86,2.84,7.4
free-will,rh,adj,2,adj,noun,0,0.14,0.73,0.44,0.67,2.46,0.7,0.1,0.49,0.23,0.26,0.23,0.12,0.08,0.04,0.08,0.25,0.24,0.04,0.07,7.37
well-off,so,adj,2,adj,prep,0,0.14,0.07,0.06,0.06,0.18,0.16,0.15,0,0.23,0.22,0.23,0.2,0.16,0.45,0.79,0.76,1.03,1.07,1.39,7.36
pear-shaped,so,adj,2,noun,V-ed,0,0,0.07,0.25,0,0.41,0.22,0.34,0.92,0.72,0.31,0.23,0.65,0.53,0.65,0.21,0.5,0.43,0.29,0.61,7.36
cul-de-sac,rh,adj,3,,,0,0,0.07,0.06,0.12,0.23,0.32,0.25,0.05,0.14,0.35,0.23,0.41,0.21,0.12,0.29,0.46,0.59,1.29,2.13,7.33
worm-eaten,so,adj,2,noun,V-ed,0,0.14,0.73,1,0.55,0.76,0.75,0.49,0.39,0.45,0.48,0.27,0.28,0.33,0.04,0.04,0.29,0.16,0.04,0.1,7.31
nerve-racking,rh,adj,2,noun,V-ing,0,0,0,0,0,0,0,0,0.1,0.63,0.97,1.09,0.57,0.99,0.57,0.54,0.76,0.32,0.21,0.54,7.29
hocus-pocus,co,noun,2,noun,noun,0.85,0,0.65,0,0.12,0.47,0.38,0.05,0.29,0.54,0.22,0.47,0.73,0.49,0.49,0.5,0.34,0.2,0.32,0.17,7.28
fund-raiser,NA,noun,2,noun,noun,0,0,0,0,0,0,0,0,0,0,0,0,0,0,0.08,0.17,0.71,0.99,2.47,2.84,7.26
dog-eared,rh,adj,2,noun,N-ed,0,0.14,0.15,0.12,0,0.06,0.11,0.15,0.19,0.45,0.53,0.47,0.41,0.41,0.49,0.67,0.5,0.67,0.5,1.22,7.24
down-to-earth,rh,adj,3,,,0,0,0,0,0,0,0,0,0,0,0,0,0.12,0.66,0.98,0.83,1.05,1.03,0.97,1.59,7.22
strong-willed,rh,adj,2,adj,N-ed,0,0,0,0.06,0.12,0.12,0.27,0.3,0.24,0.14,0.18,0.35,0.28,0.33,0.2,0.42,1.05,1.03,0.93,1.15,7.16
door-to-door,co,adj,3,,,0,0,0,0,0,0,0,0,0,0,0.04,0,0.16,0.66,0.81,1.04,1.13,0.99,1.29,0.95,7.08
ill-informed,so,adj,2,adj,V-ed,1.69,0.14,0.07,0,0.18,0.64,0.27,0.1,0.44,0.18,0.7,0.23,0.2,0.29,0.41,0.33,0.42,0.32,0.21,0.24,7.08
letter-writing,so,noun,2,noun,V-ing,0,0.14,0.44,0.31,0.18,0.64,0.86,0.39,0.44,0.59,0.35,0.43,0.24,0.16,0.24,0.29,0.34,0.36,0.36,0.3,7.08
hand-picked,so,adj,2,noun,V-ed,0,0,0,0,0,0,0,0,0,0.05,0.26,0.43,0.77,1.31,1.39,0.92,0.76,0.51,0.36,0.3,7.06
high-flown,so,adj,2,adj,V-ed,0,0.29,0.22,0.25,0.73,0.53,0.65,0.54,0.53,0.27,0.22,0.23,0.28,0.29,0.81,0.46,0.29,0.24,0.14,0.07,7.05
human-rights,rh,adj,2,noun,noun,0,0,0,0,0,0,0,0,0,0,0,0,0,0.08,0,0.04,0.88,2.84,1.83,1.35,7.03
leather-bound,so,adj,2,noun,V-ed,0,0,0,0,0.06,0.12,0.22,0.1,0.15,0.18,0.26,0.27,0.41,0.49,0.77,0.08,0.71,1.07,0.57,1.56,7.02
red-rimmed,rh,adj,2,adj,N-ed,0,0,0,0,0,0,0,0.15,0.15,0.05,0.44,0.39,0.65,0.62,0.81,0.88,0.8,0.59,0.64,0.85,7.01
fun-loving,so,adj,2,noun,V-ing,0,0,0,0,0.18,0.18,0.32,0.05,0.15,0.45,0.26,0.78,0.37,0.33,0.53,0.46,0.55,0.55,0.72,1.12,6.99
sky-high,so,adj,2,noun,adj,0,0,0.15,0.06,0.12,0.18,0.05,0.05,0.05,0.14,0.18,0.51,0.57,0.74,0.81,0.29,0.67,0.99,0.72,0.68,6.94
right-of-way,so,noun,3,,,0,0,0,0,0,0.06,0,0.05,0.05,0.54,0.09,0.74,0.57,0.86,0.57,0.83,1.09,0.47,0.5,0.51,6.94
one-legged,rh,adj,2,num,N-ed,0,0,0.15,0.06,0.12,0.41,0.32,0.2,0.1,0.27,0.57,0.82,0.24,0.33,0.49,0.67,0.67,0.32,0.57,0.61,6.92
world-renowned,so,adj,2,noun,V-ed,0,0,0.07,0.56,0.73,0.59,0.38,0.3,0.39,0.27,0.31,0.16,0.16,0.12,0.16,0.29,0.46,0.63,0.57,0.71,6.86
red-and-white,co,adj,3,,,0,0,0,0,0,0.23,0.16,0.05,0.24,0.23,0.22,0.12,0.61,0.49,0.45,0.54,0.88,0.51,0.82,1.29,6.85
policy-making,so,adj,2,noun,V-ing,0,0,0,0,0,0,0,0,0,0,0,0,0.33,0.99,1.34,1.25,0.92,1.26,0.36,0.3,6.76
short-sleeved,rh,adj,2,adj,N-ed,0,0,0,0,0.06,0,0.05,0.05,0.15,0.09,0.04,0.12,0.16,0.37,0.37,0.67,1.09,0.99,0.75,1.79,6.75
log-rolling,so,noun,2,noun,V-ing,0.85,0,0.8,0.5,0.42,0.18,0.59,0.34,0.49,0.41,0.62,0.47,0.41,0.29,0.12,0.21,0.04,0,0,0,6.73
curly-haired,rh,adj,2,adj,N-ed,0,0,0.07,0.06,0.3,0.35,0.38,0.05,0.05,0.09,0.35,0.35,0.93,0.78,0.53,0.58,0.34,0.47,0.57,0.44,6.71
top-secret,rh,adj,2,adj,noun,0,0,0,0,0,0,0,0,0,0,0,0,0,0.25,1.22,0.5,0.67,1.82,0.97,1.18,6.61
turn-of-the-century,rh,adj,4,,,0,0,0,0,0,0,0,0,0,0,0,0,0.04,0.21,0.61,0.38,0.76,1.94,1.61,1.01,6.55
flesh-and-blood,co,adj,3,,,0,0,0.07,0.06,0.12,0.06,0.48,0.25,0.1,0.5,0.18,0.55,0.33,0.33,0.57,0.67,0.63,0.32,0.54,0.81,6.55
step-by-step,co,adj,3,,,0,0,0,0,0,0,0,0.05,0,0,0,0,0.08,0.7,0.37,0.83,1.26,1.11,1.25,0.88,6.53
high-altitude,rh,adj,2,adj,noun,0,0,0,0,0,0,0,0,0,0,0,0,0.04,1.23,0.73,1.38,0.38,0.99,0.86,0.88,6.49
mass-produced,so,adj,2,noun,V-ed,0,0,0,0,0,0,0,0,0,0,0,0,0.08,0.45,0.94,0.67,1.22,0.87,1.15,1.08,6.45
old-school,rh,adj,2,adj,noun,0,0,0.07,0.06,0.12,0.29,0.32,0.2,0.34,0.23,0.31,0.23,0.53,0.33,0.2,0.17,0.04,0.2,0.32,2.4,6.37
give-and-take,co,noun,3,,,0,0,0,0.06,0,0,0.11,0.1,0.19,0.18,0.53,0.43,0.61,0.57,0.65,0.54,0.63,0.67,0.64,0.44,6.37
walkie-talkie,co,noun,2,noun,noun,0,0,0,0,0,0,0,0,0,0,0,0,0.04,0.12,0.53,0.58,1.6,1.15,0.82,1.52,6.36
hard-bitten,so,adj,2,adv,V-ed,0,0,0,0,0,0,0,0,0,0.14,0.09,0.35,1.18,1.48,0.77,0.67,0.29,0.63,0.43,0.27,6.3
up-and-down,co,adj,3,,,0,0,0.22,0.06,0.36,0.06,0.11,0.1,0.1,0.18,0.13,0.58,0.61,0.33,0.37,0.54,0.55,0.36,0.93,0.71,6.29
get-together,rh,noun,2,v,adv,0,0,0,0,0,0,0,0,0,0.05,0,0.27,0.41,0.41,0.9,0.83,0.67,0.87,0.82,1.01,6.24
low-voiced,rh,adj,2,adj,N-ed,0,0,0.07,0,0.06,0.12,0.38,0.25,0.44,0.45,0.4,0.7,0.89,0.86,0.49,0.33,0.13,0.36,0.11,0.14,6.16
out-of-date,rh,adj,3,,,0,0,0,0,0,0,0,0,0.15,0.27,0.44,0.58,0.61,0.41,0.57,0.33,0.71,0.83,0.57,0.68,6.16
back-to-back,co,adj,3,,,0,0,0,0,0,0,0,0,0,0,0,0,0,0.04,0.37,0.21,0.46,1.07,1.5,2.47,6.12
mile-long,rh,adj,2,noun,adj,0,0,0,0.06,0,0.18,0,0.05,0.15,0.05,0.09,0.19,0.37,0.9,0.53,0.96,0.59,0.75,0.64,0.61,6.11
wall-to-wall,co,adj,3,,,0,0,0,0,0,0,0,0,0,0,0,0,0,0,0.49,1.25,1.18,1.11,1,1.08,6.11
button-down,rh,adj,2,noun,prep,0,0,0,0,0,0,0,0,0,0,0,0,0.04,0,0.24,0.38,0.8,1.22,1.36,2.06,6.11
about-face,rh,verb,2,prep,noun,0,0,0,0,0,0,0.16,0,0.05,0.05,0.09,0.08,0.12,0.53,0.98,1.17,0.8,0.63,0.57,0.88,6.1
side-by-side,co,adj,3,,,0.85,0,0,0.12,0.06,0.06,0.05,0.1,0,0,0.04,0.12,0.04,0.04,0.2,0.25,0.34,0.67,1.4,1.72,6.07
governor-general,so,noun,2,noun,adj,0,0.14,0.29,0.12,1.15,0.41,1.02,0.1,0.24,0.32,0.48,0.86,0.12,0.12,0.24,0.04,0.04,0.24,0.04,0.07,6.06
coast-to-coast,co,adj,3,,,0,0,0,0,0,0,0,0,0,0,0.04,0.19,0.98,1.4,0.9,0.75,0.21,0.75,0.5,0.34,6.06
special-interest,rh,adj,2,adj,noun,0,0,0,0,0,0,0,0,0,0,0,0.08,0.04,0.21,0.29,0.46,0.88,2.37,1.15,0.57,6.04
wage-earning,so,adj,2,noun,V-ing,0,0,0,0,0,0,0.05,0.25,0.34,0.54,1.28,1.64,1.18,0.21,0.16,0.04,0.04,0.16,0.11,0.03,6.03
thin-lipped,so,adj,2,adj,V-ed,0,0,0,0.06,0.06,0.06,0.16,0.1,0.19,0.27,0.26,0.7,0.77,0.25,0.73,0.63,0.67,0.47,0.29,0.34,6.02
arm-in-arm,co,adj,3,,,0,0.14,0.07,0.69,0.91,0.29,0.81,0.44,0.34,0.27,0.31,0.43,0.28,0.16,0.08,0.13,0.08,0.28,0.21,0.07,6
split-second,rh,adj,2,V-ed,noun,0,0,0,0,0,0,0,0,0,0,0,0.19,0.45,0.7,0.94,0.75,0.76,0.51,0.75,0.95,6
child-bearing,so,adj,2,noun,V-ing,0,0,0,0,0.12,0.06,0.05,0.2,2.28,0,0.31,0.31,0.37,0.37,0.33,0.63,0.5,0.24,0.07,0.17,6
cost-effective,so,adj,2,noun,adj,0,0,0,0,0,0,0,0,0,0,0,0,0,0,0,0,0.21,0.87,3.11,1.72,5.92
east-west,co,adj,2,noun,noun,0,0,0,0,0,0,0,0,0,0.14,0,0.16,0.33,0.82,0.73,0.88,0.76,0.36,1.36,0.34,5.86
adjutant-general,so,noun,2,noun,adj,0,0.14,0.8,0.25,0.24,0.18,1.45,0.64,1.8,0.14,0.09,0,0.04,0.08,0,0,0,0,0,0,5.85
four-in-hand,so,noun,3,,,0,0.14,0.15,0.19,0.06,0,1.08,0.39,0.92,0.5,0.75,0.23,0.37,0.16,0.33,0.17,0.17,0.08,0,0.14,5.82
high-voltage,rh,adj,2,adj,noun,0,0,0,0,0,0,0,0,0,0.05,0,0.74,0.61,0.66,0.49,0.38,0.76,0.63,0.64,0.85,5.79
round-the-clock,rh,adj,3,,,0,0,0,0,0,0,0,0,0,0,0,0.04,0.04,0.08,0.69,0.79,0.97,0.91,1.18,1.08,5.78
man-to-man,co,adj,3,,,0,0,0,0,0,0,0,0,0,0.23,0.04,0.19,0.45,0.49,0.53,1.33,0.8,0.59,0.72,0.41,5.78
secretary-general,so,noun,2,noun,adj,0,0,0,0,0,0,0,0,0,0,0,0.58,0.04,0.08,0.9,0.21,0.55,0.47,2.25,0.68,5.76
oil-rich,so,adj,2,noun,adj,0,0,0,0,0,0,0,0,0,0,0,0,0.04,0.37,1.1,0.75,1.26,1.07,0.47,0.68,5.73
long-drawn-out,rh,adj,3,,,0,0,0,0,0.06,0,0,0.3,0.05,0.27,0.53,0.78,1.1,0.9,0.57,0.33,0.38,0.2,0.14,0.1,5.71
long-drawn-out,rh,adj,3,,,0,0,0,0,0.06,0,0,0.3,0.05,0.27,0.53,0.78,1.1,0.9,0.57,0.33,0.38,0.2,0.14,0.1,5.71
free-and-easy,co,adj,3,,,0,0,0.22,0.12,0.79,0.64,0.97,0.79,0.49,0.18,0.26,0.27,0,0.21,0.33,0.17,0,0.04,0.04,0.1,5.61
off-limits,rh,adj,2,prep,noun,0,0,0,0,0,0,0,0,0,0,0,0,0,0.16,0.16,0.29,0.25,0.71,1.93,2.1,5.61
cutting-edge,rh,adj,2,V-ing,noun,0,0,0,0,0,0,0,0,0,0,0.04,0,0,0.04,0.04,0,0,0.2,2.04,3.21,5.58
life-and-death,co,adj,3,,,0,0,0,0,0.06,0.18,0.22,0.25,0.24,0.14,0.22,0.08,0.28,0.49,0.65,0.71,0.63,0.28,0.5,0.64,5.56
all-inclusive,so,adj,2,det,adj,0,0,0,0,0,0.06,0.11,0.1,0.05,0.09,0.22,0.55,0.61,0.86,0.49,0.71,0.25,0.2,0.25,1.01,5.55
after-tax,rh,adj,2,prep,noun,0,0,0,0,0,0,0,0,0,0,0,0,1.38,0,0.12,0.33,0.55,1.22,1.22,0.71,5.54
most-favored-nation,rh,adj,3,,,0,0,0,0,0,0,0,0.05,0,0.18,0,0.27,0.45,2.92,0.08,0.25,0.67,0.32,0.21,0.07,5.47
devil-may-care,rh,adj,3,,,0,0,0.07,0.19,0.18,0.41,0.32,0.25,0.24,0.77,0.31,0.47,0.53,0.21,0.29,0.38,0.25,0.24,0.04,0.34,5.47
die-hard,rh,noun,2,v,adv,0,0,0,0,0,0,0,0,0,0,0,0.31,0.73,0.45,0.45,0.67,0.25,0.55,0.68,1.32,5.41
forget-me-nots,rh,noun,3,,,0,0,0.15,0,0.24,0.41,0.22,0.54,0.44,0.68,0.57,0.39,0.24,0.41,0.37,0.17,0.21,0,0.18,0.14,5.35
first-degree,rh,adj,2,num,noun,0,0,0,0,0,0,0,0,0.05,0,0,0.19,0.24,0.33,0.29,0.75,0.8,1.03,0.68,0.95,5.3
lieutenant-colonel,so,noun,2,noun,adj,0,0.29,0.22,0.31,0.12,0.64,0.38,0.59,0.49,0.41,0.44,0.43,0.16,0.04,0.08,0.21,0.29,0.08,0,0,5.18
still-life,rh,adj,2,adj,noun,0,0.14,0.07,0.06,0.06,0,0.05,0.39,0.97,0.09,0.31,0.27,0.2,0.08,0.33,0.21,0.29,0.36,0.93,0.34,5.17
man-at-arms,so,noun,3,,,0,0,0.44,1.18,1.4,0.12,0.05,0.15,0.19,0.23,0,0.12,0.04,0,0.29,0.04,0.17,0.32,0.04,0.41,5.17
double-digit,rh,adj,2,adj,noun,0,0,0,0,0,0,0,0,0,0,0,0,0,0,0,0,1.01,1.19,1.54,1.42,5.15
take-home,rh,adj,2,v,noun,0,0,0,0,0,0,0,0,0,0,0,0,0,0.78,1.1,0.58,0.76,0.51,1,0.41,5.14
high-frequency,rh,adj,2,adj,noun,0,0,0,0,0,0,0,0,0,0.18,0,0.43,0.61,0.37,0.9,0.33,0.29,0.75,0.82,0.44,5.13
up-and-coming,co,adj,3,,,0,0,0,0,0,0,0,0,0,0.05,0.04,0.39,0.24,0.25,0.49,0.38,0.21,0.67,0.68,1.69,5.09
double-edged,rh,adj,2,adj,N-ed,0,0.14,0.07,0.12,0.24,0.12,0.16,0.15,0,0.32,0.26,0.08,0.12,0.21,0.16,0.33,0.55,0.51,0.72,0.81,5.08
never-to-be-forgotten,rh,adj,4,,,0,0.14,0.29,0.19,0.67,0.35,0.54,0.44,0.44,0.5,0.48,0.43,0.08,0.08,0.08,0.17,0.08,0,0.04,0.07,5.07
better-known,so,adj,2,adj,V-ed,0,0,0,0,0,0,0.05,0,0.1,0.18,0.09,0.19,0.33,0.29,0.49,0.54,0.59,0.51,0.79,0.81,4.96
war-torn,so,adj,2,noun,V-ed,0,0,0,0,0,0,0.05,0,0,0,0,0.27,0.24,0.45,0.45,0.29,0.55,0.55,1.04,1.05,4.95
man-eating,so,adj,2,noun,V-ing,0,0,0,0.12,0,0.06,0,0.15,0.39,0.23,0.35,0.55,0.24,0.66,0.24,0.38,0.42,0.24,0.5,0.41,4.93
rock-and-roll,co,adj,3,,,0,0,0,0,0,0,0,0,0,0,0,0,0,0,0.12,0.42,1.13,2.17,0.68,0.37,4.9
full-bodied,rh,adj,2,adj,N-ed,0,0,0,0,0,0.06,0.22,0,0.1,0.09,0.13,0.19,0.37,0.29,0.65,0.29,0.38,0.67,0.75,0.71,4.9
upper-middle-class,rh,adj,3,,,0,0,0,0,0,0,0,0,0,0,0,0,0.12,0,0.12,0.58,1.34,0.87,0.75,1.08,4.87
end-to-end,co,adj,3,,,0,0.14,0.29,0.19,1.15,1.35,0.59,0,0,0,0,0,0.04,0.04,0.12,0.04,0.17,0.4,0.18,0.17,4.87
off-screen,rh,adv,2,prep,noun,0,0,0,0,0,0,0,0,0,0,0,0.08,0.04,0.04,0.2,1,2.69,0.36,0.29,0.17,4.86
run-of-the-mill,rh,adj,4,,,0,0,0,0,0,0,0,0,0,0,0,0.04,0.33,0.86,0.41,0.88,0.63,0.59,0.43,0.68,4.84
ocean-going,so,adj,2,noun,V-ing,0,0,0,0,0,0,0,0.05,0.1,0.23,0.4,0.47,0.53,0.7,0.77,0.63,0.34,0.4,0.14,0.1,4.84
floor-to-ceiling,rh,adj,3,,,0,0,0,0,0,0,0,0,0,0,0,0,0.04,0,0.16,0.42,0.88,0.4,0.89,2,4.79
on-the-job,rh,adj,3,,,0,0,0,0,0,0,0,0,0,0,0,0,0,0.04,0.24,1,0.84,0.99,1.11,0.54,4.76
oil-producing,so,adj,2,noun,V-ing,0,0,0,0,0,0.06,0,0.05,0,0,0.04,0.04,0.33,0.49,0.33,0.25,1.51,1.03,0.25,0.37,4.75
such-and-such,co,noun,3,,,0,0,0,0,0,0.06,0.05,0.05,0,0.14,0.22,0.35,0.57,0.25,0.73,0.88,0.42,0.4,0.43,0.2,4.74
light-skinned,rh,adj,2,noun,N-ed,0,0,0,0,0,0,0,0,0,0,0.04,0,0.08,0.21,0.41,0.79,0.42,0.47,0.86,1.45,4.74
middle-of-the-road,rh,adj,4,,,0,0,0,0,0,0,0,0,0,0,0,0.08,0.33,0.53,1.18,0.92,0.46,0.75,0.18,0.3,4.73
whip-poor-will,NA,noun,3,,,0,0.58,0.58,0.56,0.55,0.35,0.11,0.2,0.44,0.45,0.35,0.35,0.12,0,0.04,0,0,0,0,0.03,4.71
heart-to-heart,co,adj,3,,,0,0,0,0,0,0,0,0,0,0.36,0.62,0.47,0.16,0.7,0.41,0.17,0.38,0.51,0.43,0.47,4.68
pay-as-you-go,rh,adj,4,,,0,0,0,0,0,0,0,0,0,0,0.09,0.19,0.81,0.99,0.98,0.54,0.25,0.32,0.25,0.24,4.66
store-bought,so,adj,2,noun,V-ed,0,0,0,0,0,0,0,0,0,0.05,0,0,0.16,0.12,0.16,0.33,0.67,0.67,1.11,1.35,4.63
five-star,rh,adj,2,num,noun,0,0,0,0,0,0,0,0,0,0,0,0,0.12,0.41,0.41,0.54,0.42,0.28,0.68,1.69,4.55
on-the-spot,rh,adj,3,,,0,0,0,0,0,0,0,0,0,0,0,0,0.12,0.78,1.3,0.88,0.5,0.36,0.32,0.27,4.53
off-the-record,rh,adj,3,,,0,0,0,0,0,0,0,0,0,0,0,0,0.08,0.53,1.14,0.75,0.46,0.32,0.21,1.01,4.51
born-again,rh,adj,2,V-ed,adv,0,0,0,0,0,0,0,0,0,0,0,0,0,0,0,0,0.42,1.58,1.18,1.32,4.5
day-by-day,co,adj,3,,,0,0,0,0.06,0,0.12,0,0,0.05,0.05,0.09,0.43,0.33,0.62,0.81,0.63,0.59,0.28,0.18,0.27,4.49
thumbs-up,rh,noun,2,noun,prep,0,0,0,0,0,0,0,0,0,0,0,0,0,0.16,0.04,0.13,0.46,0.91,1.07,1.69,4.47
second-generation,rh,adj,2,num,noun,0,0,0,0,0,0,0,0,0,0,0,0.04,0,0.12,0.29,0.5,0.46,0.71,1.11,1.22,4.45
ground-based,so,adj,2,noun,V-ed,0,0,0,0,0,0,0,0,0,0,0,0,0,0,0,0.33,0.08,0.55,2.22,1.05,4.24
labor-intensive,so,adj,2,noun,adj,0,0,0,0,0,0,0,0,0,0,0,0,0,0,0,0,0.46,0.99,1.4,1.32,4.16
tug-of-war,so,noun,3,,,0,0,0,0,0,0,0,0,0.1,0,0.04,0.12,0.37,0.37,0.2,0.42,0.5,0.67,0.5,0.85,4.14
rough-and-ready,co,adj,3,,,0,0,0,0,0.06,0.29,0.27,0.15,0.29,0.41,0.44,0.47,0.33,0.41,0.2,0.13,0.13,0.2,0.21,0.14,4.12
same-sex,rh,adj,2,adj,noun,0,0,0,0,0,0,0,0,0,0,0,0,0,0.04,0,0,0,0.08,0.61,3.38,4.11
house-to-house,co,adj,3,,,0,0,0,0,0,0.06,0.05,0.05,0.29,0.18,0.22,0.23,0.41,0.7,0.45,0.33,0.46,0.28,0.18,0.2,4.09
coat-of-arms,so,noun,3,,,0,0,0.15,0.06,0.18,0.41,0.48,0.39,0.24,0.27,0.57,0.39,0.33,0.21,0,0.08,0.17,0.04,0.11,0,4.08
leap-frog,so,verb,2,v,noun,0.85,0,0.29,0.5,0.18,0.29,0.27,0.25,0.19,0.32,0.04,0.31,0,0.08,0.08,0.04,0.08,0.04,0.11,0.07,4
round-the-world,rh,adj,3,,,0,0,0,0,0,0,0,0.05,0.05,0,0.04,0.55,0.61,0.86,0.57,0.42,0.38,0.12,0.14,0.2,3.99
lady-in-waiting,so,noun,3,,,0,0,0,0,0.06,0,0.11,0.15,0.39,0.23,0.13,1.09,0.37,0.21,0.08,0.17,0.34,0.12,0.18,0.37,3.98
head-to-head,co,adj,3,,,0,0,0,0.06,0,0,0,0,0,0.05,0,0,0.12,0.04,0.04,0.42,0.5,0.83,0.97,0.91,3.94
law-and-order,co,adj,3,,,0,0,0,0,0,0,0,0,0,0.05,0.04,0.04,0,0.04,0.12,0.63,1.55,0.83,0.07,0.54,3.91
hand-to-mouth,rh,adj,3,,,0,0,0.07,0,0.12,0.06,0.11,0.15,0.19,0.18,0.35,0.66,0.37,0.29,0.29,0.04,0.21,0.2,0.32,0.27,3.88
question-and-answer,co,adj,3,,,0,0,0,0,0,0,0,0,0,0,0,0.04,0.08,0.16,0.41,0.67,0.92,0.47,0.43,0.68,3.86
half-and-half,co,adj,3,,,0,0,0.22,0.31,0.12,0.29,0.05,0,0.05,0.18,0,0.08,0,0.16,0.08,0.08,0.17,0.47,0.64,0.81,3.73
pen-and-ink,co,adj,3,,,0,0.14,0.07,0.19,0.06,0,0.38,0.15,0.34,0.59,0.18,0.16,0,0.16,0.12,0.25,0.42,0.2,0.21,0.1,3.72
president-elect,so,noun,2,noun,v,0,0,0,0,0,0,0,0,0,0.05,0.04,0.04,0.28,0.16,0.16,0.21,0.34,0.47,1.11,0.81,3.68
case-by-case,co,adj,3,,,0,0,0,0,0,0,0,0,0,0,0,0,0,0.04,0.12,0.25,0.84,0.51,1.18,0.64,3.59
first-place,rh,adj,2,num,noun,0,0,0,0,0,0,0,0,0,0,0,0,0.12,0.25,0.29,0.04,0.5,1.03,0.61,0.74,3.58
four-wheel-drive,rh,adj,3,,,0,0,0,0,0,0,0,0,0,0,0.04,0,0,0.04,0,0.08,0.46,0.67,1.36,0.88,3.54
stock-in-trade,so,noun,3,,,0,0,0.07,0.06,0,0.12,0.27,0.25,0.19,0.32,0.18,0.23,0.41,0.29,0.04,0.08,0.13,0.28,0.36,0.24,3.5
baby-faced,rh,adj,2,noun,N-ed,0,0.14,0,0,0.12,0,0,0.1,0,0.14,0.09,0.04,0.33,0.25,0.33,0.25,0.25,0.43,0.39,0.61,3.46
surface-to-air,rh,adj,3,,,0,0,0,0,0,0,0,0,0,0,0,0,0,0,0.16,0.42,0.46,1.62,0.36,0.37,3.39
out-of-pocket,rh,adj,3,,,0,0,0,0,0,0,0,0,0,0,0.22,0.04,0.41,0.08,0.16,0.17,0.21,0.43,0.86,0.68,3.26
uh-huh,co,inter,2,inter,inter,0,0,0,0,0,0,0,0,0,0,0.18,0,0.04,0.25,0.2,0.46,0.21,0.32,0.68,0.91,3.24
hand-me-down,rh,noun,3,,,0,0,0,0,0,0,0,0.05,0,0.05,0.13,0.16,0.04,0.29,0.08,0.42,0.46,0.24,0.54,0.78,3.22
fly-by-night,so,adj,3,,,0,0,0,0,0,0,0.05,0,0.05,0.05,0.13,0.35,0.57,0.53,0.29,0.25,0.42,0.04,0.32,0.1,3.15
play-by-play,co,adj,3,,,0,0,0,0,0,0,0,0,0,0,0,0.08,0.12,0.25,0.24,0.25,0.29,0.67,0.5,0.68,3.08
matter-of-course,rh,adj,3,,,0,0,0.29,0.06,0.3,0.12,1.02,0.34,0.34,0.23,0.18,0.12,0.04,0,0.04,0,0,0,0,0,3.08
one-of-a-kind,rh,noun,4,,,0,0,0,0,0,0,0,0,0,0,0,0,0,0.04,0.04,0,0.21,0.59,0.89,1.25,3.03
up-to-the-minute,rh,adj,4,,,0,0,0,0,0,0,0,0,0,0,0.13,0.12,0.33,0.25,0.53,0.13,0.25,0.32,0.64,0.27,2.96
hard-and-fast,co,adj,3,,,0,0,0,0,0,0,0,0.05,0.29,0.41,0.53,0.27,0.12,0.21,0.37,0.13,0.04,0.16,0.21,0.14,2.92
work-a-day,rh,adj,3,,,0,0,0.07,0.06,0.12,0.12,0.22,0.59,0.24,0.23,0.53,0.19,0.24,0.16,0.04,0,0.04,0.04,0,0,2.9
line-of-battle,rh,adj,3,,,0,0.14,0.65,0.25,0.42,0.35,0.16,0.15,0.29,0.09,0.04,0,0.08,0.12,0.08,0.04,0,0,0,0,2.89
light-and-shade,co,adj,3,,,0,0,0,0,0,0,0.05,0.05,2.33,0,0,0.04,0,0.41,0,0,0,0,0,0,2.88
goody-goody,co,noun,2,noun,noun,0,0,0,0,0,0,0.16,0.05,0.29,0.27,0.4,0.35,0.2,0.21,0.08,0.13,0.25,0.16,0.11,0.2,2.86
get-rich-quick,NA,adj,3,,,0,0,0,0,0,0,0,0,0,0.09,0.35,0.62,0.2,0.21,0.12,0.29,0.25,0.28,0.18,0.24,2.83
dyed-in-the-wool,rh,adj,4,,,0,0,0,0,0,0.06,0,0.05,0.05,0.09,0.26,0.47,0.41,0.12,0.12,0.17,0.34,0.32,0.18,0.2,2.83
double-check,NA,verb,2,adv,v,0,0,0,0,0,0,0,0,0,0,0,0,0,0.08,0.12,0.21,0.59,0.51,0.5,0.78,2.79
mind-and-heart,co,adj,3,,,0,0,0,0,0,0,0,0,0,0,0,0,0,0,0,0,0,0,2.79,0,2.79
thick-skinned,rh,adj,2,adj,N-ed,0,0,0.07,0.06,0.3,0.12,0.38,0.05,0.1,0.18,0.09,0.04,0.24,0.08,0.12,0.17,0.13,0.16,0.18,0.3,2.77
air-to-air,co,adj,3,,,0,0,0,0,0,0,0,0,0,0,0,0,0,0,0.29,0.63,0.13,1.11,0.29,0.34,2.77
pepper-and-salt,co,adj,3,,,0,0,0.07,0.19,0.06,0.18,0.11,0.1,0.39,0.09,0.04,0.47,0.2,0.04,0.08,0.25,0.17,0.04,0.11,0.17,2.75
next-to-last,co,adj,3,,,0,0,0,0,0,0,0,0,0,0,0,0.04,0.24,0.21,0.2,0.25,0.42,0.36,0.61,0.41,2.73
out-of-towners,NA,noun,3,,,0,0,0,0,0,0,0,0,0,0,0,0.12,0.2,0.29,0.37,0.17,0.21,0.36,0.32,0.64,2.67
cat-and-mouse,co,adj,3,,,0,0,0,0,0,0,0,0,0,0,0.26,0.08,0.12,0.21,0.24,0.38,0.29,0.36,0.29,0.44,2.66
hit-or-miss,co,adj,3,,,0,0,0,0,0.06,0.06,0.05,0,0.05,0.32,0.09,0.31,0.2,0.41,0.2,0.42,0.13,0.12,0.07,0.17,2.66
lower-middle-class,rh,adj,3,,,0,0,0,0,0,0,0,0,0,0.05,0,0.04,0.04,0.25,0.24,0.63,0.63,0.28,0.14,0.34,2.63
back-and-forth,co,noun,3,,,0,0,0,0,0,0,0,0,0,0,0,0.04,0,0.08,0.2,0.13,0.25,0.4,0.36,1.15,2.6
top-of-the-line,rh,adj,4,,,0,0,0,0,0,0,0,0,0,0,0,0,0,0,0,0,0.21,0.79,0.68,0.91,2.59
hard-hit,rh,adj,2,adj,noun,0,0,0,0,0,0,0,0,0,0,0.09,0,0.16,0.33,0.49,0.13,0.42,0.4,0.32,0.24,2.57
know-it-all,rh,adj,3,,,0,0,0,0,0,0,0,0.05,0,0,0.04,0.04,0.16,0.16,0.08,0.46,0.29,0.24,0.57,0.44,2.54
out-of-work,rh,adj,3,,,0,0,0,0,0,0.06,0,0,0.05,0.05,0.04,0.12,0.24,0.04,0.04,0.17,0.46,0.59,0.47,0.2,2.53
song-and-dance,co,adj,3,,,0,0,0,0,0,0,0,0.05,0.05,0,0.09,0.08,0.04,0.29,0.41,0.46,0.25,0.28,0.21,0.3,2.51
husband-and-wife,co,adj,3,,,0,0,0,0,0,0,0,0,0,0,0,0,0.12,0.12,0.37,0.21,0.21,0.4,0.54,0.47,2.44
salt-and-pepper,co,adj,3,,,0,0,0,0,0,0,0,0,0,0,0,0.16,0.04,0.04,0.16,0.25,0.25,0.2,0.43,0.88,2.41
once-in-a-lifetime,rh,adj,4,,,0,0,0,0,0,0,0,0,0,0,0,0,0.04,0,0,0.13,0.38,0.4,0.61,0.85,2.39
stir-fry,co,verb,2,v,v,0,0,0,0,0,0,0,0,0,0,0,0,0,0.04,0,0,0,0.16,1.25,0.88,2.33
baby-sit,so,verb,2,noun,v,0,0,0,0,0,0,0,0,0,0,0,0,0,0,0,0.42,0.13,0.36,0.64,0.78,2.32
person-to-person,co,adj,3,,,0,0,0,0,0,0,0,0,0,0,0,0.04,0.12,0.21,0.29,0.42,0.34,0.28,0.39,0.24,2.31
tongue-in-cheek,so,adj,3,,,0,0,0,0,0,0,0,0,0,0,0,0,0.04,0.12,0.2,0.29,0.21,0.36,0.47,0.61,2.3
by-the-by,co,adj,3,,,0,0,0.44,0.44,0.49,0.18,0.38,0.2,0.05,0.09,0,0.04,0,0,0,0,0,0,0,0,2.29
bed-and-breakfast,co,noun,3,,,0,0,0,0,0,0,0,0,0,0,0,0,0.04,0,0,0.08,0,0.12,0.72,1.32,2.28
tried-and-true,co,adj,3,,,0,0,0,0,0,0,0,0,0,0,0.04,0,0.04,0,0.16,0.13,0.04,0.36,0.89,0.61,2.27
stay-at-homes,rh,adj,3,,,0,0,0,0,0,0,0.11,0.1,0.05,0.27,0.09,0.19,0.24,0.41,0.41,0.13,0.08,0.12,0.04,0.03,2.27
jack-in-the-box,rh,noun,4,,,0,0,0,0,0,0,0.05,0.1,0.05,0.18,0.13,0.23,0.16,0.33,0.16,0.21,0.17,0.28,0.14,0.07,2.27
green-and-white,co,adj,3,,,0,0,0,0,0,0.06,0,0,0,0.05,0.13,0.08,0.24,0.12,0.16,0.21,0.29,0.4,0.21,0.3,2.26
out-of-court,rh,adj,3,,,0,0,0,0,0,0,0,0,0,0,0,0,0.04,0.04,0.12,0.25,0.38,1.03,0.21,0.17,2.24
state-controlled,so,adj,2,noun,V-ed,0,0,0,0,0,0,0,0,0,0,0.04,0,0.08,0.16,0.08,0.29,0.42,0.67,0.14,0.34,2.24
down-and-out,co,adj,3,,,0,0,0,0,0,0,0,0,0,0,0.09,0.04,0.12,0.33,0.33,0.08,0.04,0.36,0.29,0.54,2.21
trial-and-error,co,adj,3,,,0,0,0,0,0,0,0,0,0,0,0.13,0.16,0.41,0.08,0.33,0.13,0.42,0.16,0.21,0.17,2.19
cloth-of-gold,rh,adj,3,,,0,0,0,0.06,0,0.06,0.11,0.25,0.15,0,0.18,0.16,0.12,0.08,0.2,0.08,0.17,0.12,0,0.44,2.17
out-of-control,rh,adj,3,,,0,0,0,0,0,0,0,0,0,0,0,0,0,0,0.08,0.13,0.08,0.28,0.5,1.08,2.15
fee-for-service,rh,adj,3,,,0,0,0,0,0,0,0,0,0,0,0,0,0.04,0.04,0,0,0.21,0.24,1.36,0.2,2.09
over-the-top,rh,adj,3,,,0,0,0,0,0,0,0,0,0,0,0,0,0,0,0,0,0,0,0.43,1.66,2.09
prisoner-of-war,so,noun,3,,,0,0,0,0,0.12,0,0,0,0,0,0.04,0.08,0,0.21,0.65,0.13,0.38,0.2,0.21,0.07,2.08
fine-tune,so,verb,2,adj,v,0,0,0,0,0,0,0,0,0,0,0,0,0,0,0,0,0.13,0.47,0.82,0.64,2.07
cause-and-effect,co,adj,3,,,0,0,0,0,0,0,0,0,0,0.05,0,0.04,0,0,0.2,0.13,0.46,0.63,0.21,0.3,2.03
year-to-year,co,adj,3,,,0,0,0,0,0,0,0,0,0,0,0,0,0.28,0.08,0.24,0.25,0.17,0.43,0.18,0.37,2.01
word-of-mouth,rh,adj,3,,,0,0,0,0,0,0,0,0,0,0,0,0.04,0.12,0.21,0.37,0.29,0.13,0.24,0.29,0.3,1.98
right-to-life,rh,adj,3,,,0,0,0,0,0,0,0,0,0,0.05,0,0,0,0,0,0,0.59,0.59,0.57,0.17,1.97
red-white-and-blue,rh,adj,4,,,0,0,0,0,0,0,0,0,0,0,0,0.12,0.08,0.12,0.12,0.33,0.34,0.28,0.36,0.2,1.95
master-at-arms,so,noun,3,,,0,0,0.07,0.06,0,0.06,0.05,0,0.15,0.09,0.13,0.35,0,0.08,0.08,0.54,0.04,0.16,0,0.03,1.91
life-or-death,co,adj,3,,,0,0,0,0,0,0.12,0,0,0,0,0,0.08,0,0.12,0.12,0.21,0.13,0.43,0.29,0.41,1.9
touch-and-go,co,adj,3,,,0,0,0.07,0,0.06,0,0.11,0.05,0.1,0,0.13,0.19,0.04,0.12,0.16,0.17,0.25,0.12,0.14,0.17,1.89
conflict-of-interest,rh,adj,3,,,0,0,0,0,0,0,0,0,0,0,0,0,0,0,0.33,0.46,0.42,0.32,0.21,0.1,1.84
coming-of-age,rh,adj,3,,,0,0,0,0,0,0,0,0,0.05,0.05,0,0,0.08,0.04,0.12,0,0.04,0.2,0.5,0.74,1.82
easy-to-use,rh,adj,3,,,0,0,0,0,0,0,0,0,0,0,0,0,0,0.04,0.04,0.04,0.13,0.16,0.47,0.95,1.82
hard-to-get,rh,adj,3,,,0,0,0,0,0,0,0,0,0,0,0,0,0,0.37,0.41,0.25,0.08,0.4,0.14,0.17,1.82
not-for-profit,rh,adj,3,,,0,0,0,0,0,0,0,0,0,0,0,0,0,0.08,0,0.04,0.17,0.36,0.57,0.57,1.79
winner-take-all,rh,adj,3,,,0,0,0,0,0,0,0,0,0,0,0,0,0.08,0.04,0.16,0,0.76,0.2,0.14,0.34,1.72
cash-and-carry,co,adj,3,,,0,0,0,0,0,0,0,0,0,0,0,0,0.65,0.41,0.08,0.21,0.17,0.12,0.04,0.03,1.71
point-to-point,co,adj,3,,,0,0,0,0,0,0,0,0,0,0,0,0.12,0.2,0.08,0.49,0.04,0.04,0.16,0.43,0.1,1.66
wait-and-see,co,adj,3,,,0,0,0,0,0,0,0,0,0,0,0,0.04,0,0.25,0.24,0.21,0.13,0.2,0.25,0.3,1.62
lilies-of-the-valley,rh,noun,4,,,0,0,0,0.06,0,0.06,0,0.1,0.05,0.18,0.4,0.35,0.12,0.12,0.04,0,0.04,0,0,0.03,1.56
catch-as-catch-can,rh,adj,4,,,0,0,0,0,0,0,0,0,0.05,0.18,0.09,0.12,0.16,0.29,0.24,0.08,0.04,0.12,0.11,0.03,1.51
state-by-state,co,adj,3,,,0,0,0,0,0,0,0,0,0,0,0,0.08,0,0,0.12,0.25,0.17,0.12,0.39,0.3,1.43
hole-in-the-wall,rh,noun,4,,,0,0,0,0,0,0,0,0,0,0,0.09,0,0.12,0.12,0.12,0.13,0.13,0.12,0.29,0.27,1.38
jack-of-all-trades,rh,noun,4,,,0,0,0,0,0.06,0,0,0,0.05,0.09,0.04,0.08,0,0.21,0.12,0.08,0.13,0.2,0.14,0.14,1.33
how-do-you-do,rh,noun,4,,,0,0,0,0,0.06,0,0,0.05,0.1,0.27,0.13,0.19,0.12,0.08,0.16,0.08,0,0,0,0.03,1.29
side-step,so,verb,2,noun,v,0,0,0,0,0,0,0,0,0.1,0.09,0.31,0.23,0.04,0.08,0.08,0.08,0.04,0.08,0,0.07,1.21
stick-in-the-mud,rh,noun,4,,,0,0,0,0,0,0,0,0.05,0.05,0,0,0.23,0.2,0.25,0.08,0,0.17,0.12,0.04,0,1.19
shilly-shally,co,verb,2,v,v,0,0,0.07,0.06,0.12,0.18,0.16,0.1,0.15,0.05,0,0,0.08,0.04,0,0,0.08,0,0.04,0.03,1.16
go-as-you-please,rh,adj,4,,,0,0,0,0,0,0,0,0.2,0.19,0.18,0.18,0.08,0.12,0.04,0,0,0,0,0,0.03,1.02
hide-and-go-seek,co,noun,4,,,0,0,0,0,0.12,0,0,0,0.1,0,0.13,0.12,0,0.08,0,0.08,0,0.04,0.21,0.14,1.02
one-size-fits-all,rh,adj,4,,,0,0,0,0,0,0,0,0,0,0,0,0,0,0,0,0,0,0,0.47,0.51,0.97
man-of-the-world,rh,noun,4,,,0,0,0,0,0,0.06,0.11,0.05,0.05,0.05,0.04,0.04,0.12,0.08,0.12,0.08,0.04,0.08,0,0.03,0.96
hail-fellow-well-met,rh,adj,4,,,0,0,0.07,0,0.06,0,0.11,0.05,0,0.05,0.04,0.19,0,0.12,0.04,0.08,0.04,0,0,0.03,0.9
time-and-a-half,rh,adj,4,,,0,0,0,0,0,0,0,0,0,0,0.13,0.04,0.08,0.16,0.16,0.04,0.04,0.12,0.04,0.03,0.85
get-out-the-vote,rh,adj,4,,,0,0,0,0,0,0,0,0,0,0,0,0,0,0,0.08,0.29,0.08,0.08,0.07,0.24,0.84
down-at-the-heels,rh,adj,4,,,0,0,0,0,0,0,0,0,0.05,0,0,0.16,0.04,0,0.08,0.04,0.08,0.08,0.18,0.1,0.81
officer-of-the-day,rh,noun,4,,,0,0,0,0,0,0,0,0,0,0.77,0,0,0,0.04,0,0,0,0,0,0,0.81
man-in-the-street,rh,noun,4,,,0,0,0,0,0,0,0,0,0,0,0,0,0.12,0.21,0.16,0.08,0.04,0.16,0,0,0.77
all-you-can-eat,rh,adj,4,,,0,0,0,0,0,0,0,0,0,0,0,0,0,0,0,0,0.04,0,0.32,0.41,0.77
pie-in-the-sky,rh,adj,4,,,0,0,0,0,0,0,0,0,0,0,0,0,0,0.04,0.2,0.17,0.08,0,0.04,0.2,0.73
out-of-the-ordinary,rh,adj,4,,,0,0,0,0,0,0,0,0,0,0,0.04,0,0,0,0.16,0.08,0,0.12,0.11,0.17,0.69
uh-uh,co,inter,2,inter,inter,0,0,0,0,0,0,0,0,0,0,0.09,0,0,0.08,0,0.08,0,0,0.07,0.34,0.66
down-at-the-heel,rh,adj,4,,,0,0,0,0,0,0,0,0,0.05,0.05,0.04,0.08,0.08,0.08,0.08,0.04,0.04,0.04,0.07,0,0.66
ship-of-the-line,rh,noun,4,,,0,0,0,0.12,0,0.06,0.11,0.05,0,0.09,0.04,0,0.08,0,0,0,0,0,0.04,0.03,0.63
dog-in-the-manger,rh,noun,4,,,0,0,0,0,0,0,0.16,0.1,0.15,0.09,0,0.04,0.08,0,0,0,0,0,0,0,0.62
jack-in-the-pulpit,rh,noun,4,,,0,0,0,0,0,0,0,0,0.05,0.05,0,0,0.2,0.04,0.04,0.04,0,0.04,0.11,0.03,0.6
line-of-battle-ship,rh,noun,4,,,0,0,0,0.12,0.24,0.06,0.11,0,0,0,0.04,0,0,0,0,0,0,0,0,0,0.58
short-change,so,verb,2,adj,v,0,0,0,0,0,0,0,0,0,0,0.04,0.04,0.04,0,0.04,0.29,0.04,0.04,0,0,0.54
seat-of-the-pants,rh,adj,4,,,0,0,0,0,0,0,0,0,0,0,0,0,0,0,0,0,0,0.12,0.21,0.2,0.54
once-upon-a-time,rh,adj,4,,,0,0,0,0,0,0,0,0,0,0.09,0.04,0,0,0,0,0.08,0.04,0,0.14,0.1,0.5
master-of-the-horse,rh,noun,4,,,0,0,0,0,0,0,0,0,0,0.5,0,0,0,0,0,0,0,0,0,0,0.5
officer-of-the-deck,rh,noun,4,,,0,0,0,0,0,0,0,0,0,0,0,0.23,0,0.21,0.04,0,0,0,0,0,0.48
puss-in-the-corner,rh,noun,4,,,0,0,0,0,0.06,0.06,0,0.05,0.05,0,0.13,0.12,0,0,0,0,0,0,0,0,0.47
all-of-a-sudden,rh,adj,4,,,0,0,0,0,0,0,0,0,0,0,0,0.31,0,0.04,0,0.08,0,0,0,0,0.44
will-of-the-wisp,rh,noun,4,,,0,0,0.07,0,0,0.06,0,0.05,0,0.09,0,0,0,0.04,0,0.08,0,0,0.04,0,0.43
window-shop,so,verb,2,noun,v,0,0,0,0,0,0,0,0,0,0,0,0,0.04,0,0.04,0.04,0.08,0,0.04,0.17,0.41
eye-for-an-eye,rh,noun,4,,,0,0,0,0,0,0,0,0,0,0,0,0.08,0,0.04,0,0.04,0.04,0,0.07,0.14,0.41
end-of-the-year,rh,adj,4,,,0,0,0,0,0,0,0,0,0,0,0,0,0.04,0,0.04,0,0.04,0.04,0.11,0.14,0.41
god-fearing,so,adj,2,noun,V-ing,0,0,0.07,0,0,0,0,0,0,0.14,0,0.04,0,0,0,0.04,0.04,0,0.07,0,0.4
salt-of-the-earth,rh,noun,4,,,0,0,0,0,0,0,0,0,0,0,0,0,0,0,0.04,0,0,0,0,0.34,0.38
end-of-the-day,rh,noun,NA,,,0,0,0,0,0,0,0,0,0,0,0,0,0,0.04,0,0.04,0.04,0.08,0.04,0.14,0.37
love-at-first-sight,rh,adj,4,,,0,0,0,0,0,0,0,0.05,0,0,0,0.08,0,0,0,0,0,0,0.04,0.2,0.37
pain-in-the-ass,rh,noun,4,,,0,0,0,0,0,0,0,0,0,0,0,0,0,0,0,0.04,0.04,0.04,0.11,0.14,0.37
middle-of-the-roader,rh,noun,4,,,0,0,0,0,0,0,0,0,0,0,0,0,0,0.12,0,0.13,0.04,0.04,0.04,0,0.37
one-hundred-per-cent,rh,adj,4,,,0,0,0,0,0,0,0,0,0,0,0,0.08,0.04,0.04,0,0.08,0,0.04,0.04,0,0.32
stage-manage,so,verb,2,noun,noun,0,0,0,0,0,0,0,0,0,0,0,0.04,0.04,0.04,0.04,0,0.08,0,0.07,0,0.32
lip-read,so,verb,2,noun,v,0,0,0,0,0,0,0,0,0,0,0,0,0.04,0,0,0.04,0.04,0.12,0.07,0,0.31
out-of-this-world,rh,adj,4,,,0,0,0,0,0,0,0,0,0,0,0,0,0,0.08,0.12,0,0,0,0.07,0,0.28
man-in-the-moon,rh,noun,4,,,0,0,0,0,0,0,0,0,0,0,0,0,0,0,0.04,0.04,0.17,0,0,0,0.25
bottle-feed,so,verb,2,noun,v,0,0,0,0,0,0,0,0,0,0,0,0.04,0,0,0,0,0,0,0.04,0.03,0.11
would-be,rh,adj,2,aux,v,0,0,0,0,0,0,0,0,0,0,0,0,0,0,0,0,0,0,0,0,0
anglo-saxon,co,adj,2,noun,noun,0,0,0,0,0,0,0,0,0,0,0,0,0,0,0,0,0,0,0,0,0
african-american,co,adj,2,noun,noun,0,0,0,0,0,0,0,0,0,0,0,0,0,0,0,0,0,0,0,0,0
built-in,rh,adj,2,V-ed,prep,0,0,0,0,0,0,0,0,0,0,0,0,0,0,0,0,0,0,0,0,0
indo-china,co,adj,2,noun,noun,0,0,0,0,0,0,0,0,0,0,0,0,0,0,0,0,0,0,0,0,0
sunday-school,rh,adj,2,noun,noun,0,0,0,0,0,0,0,0,0,0,0,0,0,0,0,0,0,0,0,0,0
anglo-american,co,adj,2,noun,noun,0,0,0,0,0,0,0,0,0,0,0,0,0,0,0,0,0,0,0,0,0
business-like,so,adj,2,noun,prep,0,0,0,0,0,0,0,0,0,0,0,0,0,0,0,0,0,0,0,0,0
latin-american,co,adj,2,noun,noun,0,0,0,0,0,0,0,0,0,0,0,0,0,0,0,0,0,0,0,0,0
dinky-dunk,rh,adj,2,adj,adj,0,0,0,0,0,0,0,0,0,0,0,0,0,0,0,0,0,0,0,0,0
african-americans,co,adj,2,noun,noun,0,0,0,0,0,0,0,0,0,0,0,0,0,0,0,0,0,0,0,0,0
child-like,so,adj,2,noun,prep,0,0,0,0,0,0,0,0,0,0,0,0,0,0,0,0,0,0,0,0,0
mm-hmm,co,inter,2,inter,inter,0,0,0,0,0,0,0,0,0,0,0,0,0,0,0,0,0,0,0,0,0
hands-on,so,adj,2,noun,prep,0,0,0,0,0,0,0,0,0,0,0,0,0,0,0,0,0,0,0,0,0
unheard-of,rh,adj,2,V-ed,adv,0,0,0,0,0,0,0,0,0,0,0,0,0,0,0,0,0,0,0,0,0
all-american,rh,adj,2,det,noun,0,0,0,0,0,0,0,0,0,0,0,0,0,0,0,0,0,0,0,0,0
death-like,so,adj,2,noun,prep,0,0,0,0,0,0,0,0,0,0,0,0,0,0,0,0,0,0,0,0,0
head-on,so,adv,2,noun,prep,0,0,0,0,0,0,0,0,0,0,0,0,0,0,0,0,0,0,0,0,0
indo-european,co,adj,2,noun,noun,0,0,0,0,0,0,0,0,0,0,0,0,0,0,0,0,0,0,0,0,0
spanish-american,co,adj,2,noun,noun,0,0,0,0,0,0,0,0,0,0,0,0,0,0,0,0,0,0,0,0,0
anglo-french,co,adj,2,noun,noun,0,0,0,0,0,0,0,0,0,0,0,0,0,0,0,0,0,0,0,0,0
century-fox,rh,adj,2,noun,noun,0,0,0,0,0,0,0,0,0,0,0,0,0,0,0,0,0,0,0,0,0
lady-like,so,adj,2,noun,prep,0,0,0,0,0,0,0,0,0,0,0,0,0,0,0,0,0,0,0,0,0
life-like,so,adj,2,noun,prep,0,0,0,0,0,0,0,0,0,0,0,0,0,0,0,0,0,0,0,0,0
goings-on,rh,noun,2,V-ing,prep,0,0,0,0,0,0,0,0,0,0,0,0,0,0,0,0,0,0,0,0,0
soviet-american,co,adj,2,noun,noun,0,0,0,0,0,0,0,0,0,0,0,0,0,0,0,0,0,0,0,0,0
thank-you,rh,adj,2,v,pron,0,0,0,0,0,0,0,0,0,0,0,0,0,0,0,0,0,0,0,0,0
milk-white,so,adj,2,noun,adj,0,0,0,0,0,0,0,0,0,0,0,0,0,0,0,0,0,0,0,0,0
upside-down,co,adj,2,prep,prep,0,0,0,0,0,0,0,0,0,0,0,0,0,0,0,0,0,0,0,0,0
freeze-dry,co,verb,2,v,v,0,0,0,0,0,0,0,0,0,0,0,0,0,0,0,0,0,0,0,0,0
air-sized,rh,adj,2,noun,N-ed,0,0,0,0,0,0,0,0,0,0,0,0,0,0,0,0,0,0,0,0,0
cut-throat,rh,adj,2,v,noun,0,0,0,0,0,0,0,0,0,0,0,0,0,0,0,0,0,0,0,0,0
all-around,rh,adj,2,det,prep,0,0,0,0,0,0,0,0,0,0,0,0,0,0,0,0,0,0,0,0,0
sad-eyed,rh,adj,2,adj,N-ed,0,0,0,0,0,0,0,0,0,0,0,0,0,0,0,0,0,0,0,0,0
so-and-so,co,adj,3,pron,pron,0,0,0,0,0,0,0,0,0,0,0,0,0,0,0,0,0,0,0,0,0
bride-to-be,so,noun,3,,,0,0,0,0,0,0,0,0,0,0,0,0,0,0,0,0,0,0,0,0,0
soon-to-be,so,adj,3,,,0,0,0,0,0,0,0,0,0,0,0,0,0,0,0,0,0,0,0,0,0
sop-the-bottom,so,adj,3,,,0,0,0,0,0,0,0,0,0,0,0,0,0,0,0,0,0,0,0,0,0
pinch-a-penny,rh,adj,3,,,0,0,0,0,0,0,0,0,0,0,0,0,0,0,0,0,0,0,0,0,0
book-of-the-month,rh,noun,4,,,0,0,0,0,0,0,0,0,0,0,0,0,0,0,0,0,0,0,0,0,0
all-of-a-sudden,rh,adj,4,,,0,0,0,0,0,0,0,0,0,0,0,0,0,0,0,0,0,0,0,0,0
hole-in-the-day,rh,noun,4,,,0,0,0,0,0,0,0,0,0,0,0,0,0,0,0,0,0,0,0,0,0
sunday-go-to-meeting,rh,adj,4,,,0,0,0,0,0,0,0,0,0,0,0,0,0,0,0,0,0,0,0,0,0
york-based,so,adj,2,noun,V-ed,0,0,0,0,0,0,0,0,0,0,0,0,0,0,0,0,0,0,0,0,0
english-speaking,so,adj,2,noun,V-ing,0,0,0,0,0,0,0,0,0,0,0,0,0,0,0,0,0,0,0,0,0
sweet-smelling,so,adj,2,adj,V-ing,0,0,0,0,0,0,0,0,0,0,0,0,0,0,0,0,0,0,0,0,0
broken-down,rh,adj,2,V-ed,prep,0,0.14,0.65,1.12,0.91,1.41,1.24,1.23,1.07,1.04,1.5,1.33,1.1,2.22,1.06,1.5,1.39,0.63,1,1.05,21.58
unlooked-for,rh,adj,2,V-ed,prep,0.85,1.44,2.4,0.75,1.94,1.88,1.4,1.18,1.65,1.22,1.15,0.62,0.33,0.41,0.16,0.13,0.17,0.04,0,0.1,17.81
grown-ups,rh,noun,2,V-ed,adv,0,0,0.07,0,0,0.06,0,0.1,0.05,0.77,1.41,1.91,1.06,0.9,0.86,0.88,1.3,0.75,3.44,2.71,16.25
sawed-off,rh,adj,2,V-ed,prep,0,0,0,0,0,0.06,0,0,0.19,0.41,0.31,0.74,1.59,1.11,1.06,1.13,1.01,0.87,0.79,0.71,9.96
made-up,rh,adj,2,V-ed,prep,0,0.29,0,0,0.24,0.23,0.32,0.05,0.1,0.5,0.22,0.27,0.24,0.41,0.86,0.83,0.71,0.71,1.22,1.69,8.9
rolled-up,rh,adj,2,V-ed,prep,0,0,0,0.06,0.18,0.12,0.38,0.15,0.24,0.14,0.18,0.16,0.41,0.29,0.57,0.5,1.18,0.75,1.57,1.66,8.52
look-out,rh,noun,2,v,prep,0.85,0.87,3.99,5.17,4.31,3.64,1.94,2.26,1.31,0.5,0.7,1.21,0.85,0.53,0.33,0.08,0.13,0.04,0.07,0.03,28.82
set-up,rh,noun,2,v,adv,0,0,0,0.06,0,0.06,0.05,0.15,0,0.18,0.18,1.01,5.57,4.44,3.01,1.17,1.18,0.87,1.43,0.71,20.07
lean-to,rh,noun,2,v,adv,0,0,0.29,0.31,0.06,0.7,0.38,0.25,0.78,1,1.89,3.24,2.19,1.11,1.91,1.04,1.39,1.26,1.18,0.78,19.76
take-off,rh,noun,2,v,adv,0,0,0,0,0,0.06,0.05,0,0,0.09,0.09,1.68,2.56,2.26,4.64,3.63,1.18,0.28,0.11,0.24,16.86
hold-up,rh,noun,2,v,adv,0,0,0,0,0,0,0,0,1.36,1.27,2.07,3.78,3.01,1.31,0.86,0.71,0.38,0,0.04,0.1,14.88
cast-off,rh,adj,2,v,adv,0,0.43,0.58,1.25,1.21,1.58,1.29,1.28,1.12,0.63,0.97,0.31,0.77,0.41,0.53,0.42,0.38,0.59,0.47,0.47,14.7
round-up,rh,noun,2,v,prep,0,0,0,0,0,0,0.05,1.72,1.8,1.95,3.48,2.3,0.85,0.53,0.29,0.21,0.25,0.16,0.07,0.07,13.73
stand-up,rh,adj,2,v,prep,0,0,0.07,0.06,0.12,0.35,0.32,0.2,0.24,0.36,0.22,0.23,0.24,0.57,0.53,0.54,0.88,2.21,2.76,3.18,13.11
run-down,rh,adj,2,v,prep,0,0,0,0,0.12,0,0,0.05,0.05,0.14,0.35,0.31,0.45,1.36,1.59,1.42,1.3,1.62,1.65,2.64,13.03
build-up,rh,noun,2,v,prep,0,0,0,0,0,0,0,0,0,0,0,0.04,0.73,1.44,3.14,3.04,1.72,0.79,0.79,0.81,12.5
cover-up,rh,noun,2,v,prep,0,0,0,0,0,0,0,0,0,0,0.04,0,0.08,0.12,0.57,0.75,5.54,2.17,1.25,1.39,11.92
clean-up,rh,noun,2,v,prep,0,0,0,0,0,0,0.11,0,0.05,0.14,1.19,1.44,1.3,0.82,1.59,0.63,0.97,0.51,2.29,0.57,11.61
beat-up,rh,adj,2,v,prep,0,0,0,0,0,0,0,0,0,0,0,0,0,0.12,1.51,0.96,1.89,0.99,2.08,2.77,10.32
burned-out,rh,adj,2,v,prep,0,0,0,0,0,0,0,0.1,0.29,0.23,0.13,0.16,0.53,1.19,0.65,1.04,1.55,1.46,1.54,1.42,10.29
go-between,rh,noun,2,v,prep,0,0,0.44,0.06,0.06,0.41,0.7,0.44,0.73,0.77,0.7,0.7,0.77,0.29,0.61,0.83,0.67,1.07,0.54,0.24,10.03
break-up,rh,noun,2,v,prep,0,0,0,0,0.3,0.12,0.97,0.44,0.87,0.95,1.15,0.97,0.93,0.66,0.45,0.54,0.5,0.12,0.43,0.27,9.68
cut-off,rh,noun,2,v,prep,0,0,0,0.06,0.06,0.18,0.32,0.3,0.97,0.32,0.66,0.23,0.61,0.78,0.73,1.08,1.22,0.59,1,0.54,9.66
mix-up,rh,noun,2,v,prep,0,0,0,0,0,0,0,0.1,0.1,1.4,1.54,1.75,0.69,0.66,0.81,0.33,0.63,0.28,0.57,0.78,9.65
start-up,rh,adj,2,v,prep,0,0,0,0,0,0,0,0,0,0,0,0,0.04,0,0,0,0.55,1.94,3.87,3.11,9.5
line-up,rh,noun,2,v,prep,0,0,0,0,0,0,0,0,0,0.14,0.62,0.62,1.71,1.89,1.63,1.25,0.71,0.12,0.36,0.2,9.25
tie-up,rh,noun,2,v,prep,0,0,0,0,0,0,0,0.05,0.05,0.36,0.18,0.55,1.14,2.18,2.89,1,0.55,0.2,0.04,0,9.17
warm-up,rh,noun,2,v,prep,0,0,0,0,0,0,0,0,0,0,0.09,0,0.2,0.25,0.57,0.88,0.76,1.26,2.33,2.57,8.9
hoped-for,rh,adj,2,v,prep,0,0.14,0.22,0.44,0.36,0.18,0.43,0.34,0.19,0.36,0.09,0.31,0.57,0.33,0.57,0.67,0.67,0.59,0.47,0.57,7.51
stand-by,rh,noun,2,v,prep,0,0,0.15,0.12,0.12,0,0.11,0.2,0.1,0.14,0.22,0.12,0.41,1.36,1.67,1.33,0.88,0.28,0.07,0.14,7.4
sit-down,rh,adj,2,v,prep,0,0,0,0,0,0.06,0,0.05,0,0,0,0,2.76,1.15,0.53,0.5,0.29,0.51,0.64,0.85,7.35
stuck-up,rh,adj,2,v,prep,0,0,0,0.06,0.06,0.53,0.75,0.54,0.24,0.41,0.35,0.43,0.45,0.62,0.49,0.38,0.04,0.28,0.5,0.54,6.67
fall-out,rh,noun,2,v,prep,0,0,0,0,0,0,0,0,0,0.05,0,0,0,0,3.67,2,0.17,0.71,0.04,0.03,6.66
longed-for,rh,adj,2,v,adv,0,0.14,0,0.37,0.36,0.06,0.48,0.74,1.12,0.68,0.44,0.23,0.28,0.25,0.33,0.21,0.25,0.28,0.25,0.07,6.55
wake-up,rh,noun,2,v,prep,0,0,0,0,0,0,0,0,0,0,0,0.04,0.04,0.04,0.04,0.21,0.34,0.79,1.72,2.98,6.19
lock-up,rh,noun,2,v,prep,0,0,0.29,0.25,0.79,0.88,0.22,0.25,0.73,0.41,0.35,0.31,0.16,0.04,0.08,0.04,0.38,0.2,0.43,0.17,5.97
frame-up,rh,noun,2,v,prep,0,0,0,0,0,0,0,0,0,0,0.66,1.01,1.42,0.53,0.81,0.17,0.34,0.36,0.18,0.14,5.62
check-up,rh,noun,2,v,prep,0,0,0,0,0,0,0,0,0,0,0,0.35,1.18,1.4,0.9,0.33,0.21,0.12,0.29,0.2,4.97
flare-up,rh,noun,2,v,prep,0,0,0.07,0.06,0,0.06,0,0.05,0.1,0.05,0.04,0.12,0.41,0.66,0.9,0.83,0.67,0.28,0.21,0.44,4.94
sell-out,rh,noun,2,v,prep,0,0,0,0,0,0,0,0,0,0,0,0.08,0.2,0.33,0.33,0.13,0.21,0.32,0.18,0.2,1.97
wrap-up,rh,noun,2,v,prep,0,0,0,0,0,0,0.05,0,0,0,0,0,0,0.04,0.08,0,0.04,0.36,0.29,0.2,1.06
force-feed,rh,verb,2,v,v,0,0,0,0,0,0,0,0,0,0,0,0,0,0.04,0.04,0.04,0.21,0.08,0.11,0.2,0.72
drive-in,rh,adj,2,v,prep,0,0,0,0,0,0,0,0,0,0,0,0,0,0,0,0,0,0,0,0,0
break-in,rh,noun,2,v,prep,0,0,0,0,0,0,0,0,0,0,0,0,0,0,0,0,0,0,0,0,0
